ID,Hclass
11281,1
21564,1
22373,1
8068,1
41641,0
11067,1
21403,1
37641,2
20672,0
14877,0
739,1
2692,1
16927,0
9348,1
28274,2
3125,1
543,0
24957,2
17019,1
47857,1
27348,1
17417,1
34199,2
35501,1
34978,0
41731,0
8673,1
15936,0
48278,0
22838,2
8738,1
3896,1
7045,1
40417,1
16855,0
10698,1
38461,1
33040,1
48561,1
33188,1
29229,0
31328,1
22747,1
43319,1
29289,1
38809,1
2370,1
2706,1
25902,1
32568,1
39751,2
39093,2
24754,2
14806,0
27005,1
7739,1
7643,0
44427,0
24446,2
35382,1
22102,0
7318,1
23680,1
34454,1
5768,1
23174,1
28260,1
37189,2
105,0
28473,1
25628,1
32382,2
10724,1
10707,1
43360,1
35596,2
33146,0
41950,1
11706,0
4081,1
34249,1
42196,1
20353,0
5444,1
43855,1
42734,1
4765,1
23159,1
26513,1
13448,0
46918,1
3555,1
45524,2
3951,1
41052,1
2096,1
22678,1
4847,1
46280,1
34099,2
21702,1
25447,1
18236,1
22904,0
38181,1
23704,2
39171,1
4941,1
2341,1
32441,1
27866,2
10779,1
21566,0
4079,1
48665,1
32155,1
4999,1
44268,0
3708,1
14570,1
43671,1
19325,1
8042,0
25462,1
26049,0
33399,1
20360,0
37217,2
45914,1
5894,1
25967,1
17815,2
27636,1
6017,1
2802,1
17844,1
37709,2
19082,1
20967,0
34744,1
4707,1
13469,0
34321,1
11439,0
35215,1
32005,1
26223,2
10646,1
43195,1
23243,1
29501,2
25412,1
26440,1
45879,1
978,1
42693,1
17409,1
23170,1
30501,1
30672,1
29648,1
18217,0
45107,1
48387,1
33143,0
27172,1
39880,1
27675,1
28206,2
2566,1
3937,1
3819,1
28258,2
3676,1
24862,2
45495,1
23626,1
31691,1
34650,2
6323,1
3154,2
42016,1
26308,0
37741,1
29017,1
1834,1
11526,0
1344,1
14562,1
43615,1
30046,1
47444,1
23061,1
41082,1
44225,0
34307,1
22725,1
15000,0
39419,1
13274,2
15315,0
45314,1
35987,1
6895,1
22551,0
3182,1
35091,1
31798,1
37923,1
27203,1
33634,1
45866,1
31988,1
37103,1
41027,0
35582,2
47898,1
17220,0
20211,1
48385,1
32221,1
15228,0
39658,1
45527,1
23523,1
1176,1
45370,1
27889,1
29653,1
45027,1
6458,1
33347,1
10828,1
40016,1
44009,0
43809,2
24126,0
29398,1
38082,1
43055,1
27210,1
23465,1
15678,1
34814,1
47431,1
4628,1
46419,1
17231,0
42870,1
17027,0
39475,1
34479,1
27517,1
14133,0
36679,1
10561,1
31991,1
13007,2
6016,1
30555,2
27368,1
29089,1
18489,1
48449,1
12727,1
32963,0
20335,1
78,1
38604,1
18700,1
19577,1
43667,2
15226,0
34137,1
12911,0
10004,1
5984,1
12158,1
35773,1
12527,1
10440,1
41344,1
44603,1
45599,1
46739,1
18897,1
6899,1
20058,0
46,1
12310,1
5353,2
3505,1
30961,1
32371,2
39280,1
18417,1
23916,1
24340,2
27664,1
5597,1
16131,0
9237,1
11109,1
36846,1
8634,1
21219,1
39989,2
26215,2
16998,0
43119,1
33804,1
27291,1
8336,1
40032,1
20725,0
13804,0
33141,1
23293,1
28913,2
5614,1
11221,1
14729,1
782,1
30988,1
9131,1
19760,1
14993,0
25870,2
13569,2
44499,1
35775,1
42775,1
20562,0
7430,1
22161,0
30625,1
41991,1
14260,0
37667,2
46953,1
15003,0
18438,1
14067,0
22811,1
10211,1
19166,1
3209,1
453,1
25254,1
1775,1
37427,1
42951,1
39130,1
9128,1
42946,1
2855,1
21838,1
14444,0
40106,1
4138,1
25664,1
9458,1
27679,1
32756,1
16107,0
32003,1
14044,0
39142,2
40919,1
5807,1
37086,1
19692,1
8721,1
42532,1
32726,1
48156,0
39559,1
3966,1
17065,2
1054,1
21896,0
19924,0
24937,0
25760,2
41143,0
3140,1
37242,0
1712,1
9269,1
8655,1
44118,0
33341,1
42668,1
31440,1
27229,1
14537,1
4059,1
48010,0
41514,2
878,1
25494,1
40713,2
44300,0
9523,1
39437,1
45133,1
37504,1
4371,1
19773,1
40130,2
17808,1
14884,0
29919,1
42229,1
34502,1
41226,1
40019,1
25027,2
10798,1
44079,0
19062,1
42872,1
17777,1
40778,1
9929,1
45732,1
14202,0
14468,0
48658,1
35090,1
48556,0
24798,1
39295,1
28483,2
7645,2
44178,0
6912,1
12120,1
448,1
42564,1
44199,0
19203,1
6983,0
26398,1
8510,2
43696,2
18338,1
44771,1
46627,1
4927,1
2373,1
37143,1
44150,0
40443,1
17351,0
6321,2
14412,1
45708,1
19780,2
46531,1
42862,1
6330,1
9324,1
36788,0
28721,1
33602,2
26788,1
14135,0
13034,1
14247,2
47969,1
45999,1
3463,1
7421,1
44371,0
40316,1
6941,1
10785,1
24910,1
11704,0
2463,1
32176,1
10585,1
36932,1
25888,1
28515,1
14159,0
40875,1
31921,2
7715,2
7033,1
35883,1
15698,2
24778,1
25226,0
5397,1
47803,1
2261,1
22530,0
30378,1
7355,1
7608,2
37068,1
42869,1
2860,1
1373,1
38710,1
2452,1
34103,1
20034,0
38441,1
16587,1
12907,1
25033,1
47626,2
5065,2
33487,1
48467,0
38096,2
4286,1
2542,1
16431,0
29874,1
820,1
5159,1
28331,2
44101,0
40660,0
4937,1
27934,1
958,1
45764,1
23593,2
5756,1
39919,1
48443,1
20568,0
8962,1
39870,1
32852,1
32979,1
45717,1
4352,1
9939,1
13382,1
42497,1
48081,1
42261,1
38305,1
24668,1
23378,1
31489,2
28066,1
42197,1
10937,1
23065,0
39879,1
27019,0
12677,1
42711,1
44129,0
29404,1
27036,1
22091,0
11084,1
22205,0
20108,0
37571,2
14721,1
17216,0
46338,0
16184,1
30145,1
17401,1
15588,0
38485,1
47344,1
14351,0
12050,1
29811,1
39328,0
41621,2
10054,1
32204,1
12283,1
9140,1
18518,1
4624,1
5458,1
38217,2
9776,1
5736,1
23238,1
44904,1
41100,1
12961,1
3714,1
44852,1
46738,1
38794,2
44347,0
33764,1
41795,1
21958,0
7120,1
13929,0
39368,1
6961,1
18832,1
5455,1
6616,1
34914,1
39496,0
39716,1
22311,0
19083,0
9532,1
19561,1
47671,1
33015,2
43989,0
24721,1
9143,2
36975,2
46732,1
43274,1
44669,1
18833,1
46041,1
3167,1
36024,1
19056,0
10735,1
17215,0
12053,1
35598,1
10438,1
31983,1
24243,1
2456,1
11934,1
9718,1
41219,1
14434,0
14988,0
31235,1
22122,0
27411,1
7842,1
44068,0
2393,1
18698,1
12279,1
13855,0
47701,1
5757,1
3235,1
18621,1
3833,1
21264,1
11323,0
39945,0
1573,1
39733,2
20101,2
31378,2
41036,2
40385,1
15471,0
6237,1
31829,0
39753,1
24903,1
38224,1
38371,1
10796,1
2573,1
31469,1
28768,1
19572,1
3546,1
32174,1
10048,1
23569,1
32794,2
38370,1
1821,1
15834,0
9417,1
47572,1
728,1
26346,1
47882,1
28866,1
47781,1
19180,1
22480,0
26611,1
20834,0
44066,0
42982,1
38277,1
32866,1
48110,1
40091,2
35242,2
1637,0
23754,0
10598,1
32746,1
21753,1
18484,1
7398,0
41770,2
33211,1
18782,1
16390,0
35995,1
35720,1
44909,1
21755,1
39549,1
36664,1
17797,1
34999,2
16929,0
25718,1
34255,1
44937,1
311,1
26672,1
13153,2
47948,1
38214,1
27073,1
43097,1
15504,0
44973,1
18741,1
19886,1
37692,1
47710,1
6232,1
48414,2
6525,1
18242,1
828,1
34870,1
21848,1
5100,1
8901,1
25594,1
12074,1
44704,1
22619,0
47469,1
27410,2
9534,1
37590,1
39429,1
42847,1
28882,1
14305,2
45938,1
2037,1
8159,1
1000,1
14703,1
35226,2
5747,1
44905,1
38345,1
15787,0
37170,1
27604,1
45269,1
37770,1
32378,1
44065,0
35863,1
43518,1
36742,1
35359,1
26158,2
37485,1
5634,1
15941,1
38799,1
44458,0
44355,0
19986,0
16025,0
30926,1
4006,1
27221,2
41939,1
15713,1
788,2
35397,1
37792,1
19666,1
46820,1
19831,1
680,1
19309,1
15503,0
34435,2
44687,1
21779,1
7930,0
26709,1
33704,1
5490,1
8659,1
29134,1
5266,1
23582,2
4729,1
40041,1
34696,1
46575,1
34091,1
48402,1
7475,1
34276,1
33205,1
25876,1
46806,0
27515,1
7084,1
30507,1
29126,1
46977,1
31520,1
18627,1
6293,1
8516,1
48361,1
22209,0
38253,1
10281,1
10074,1
22021,0
13297,2
7138,1
32577,1
18044,1
4626,1
3778,1
464,0
32618,1
47137,1
23349,1
24984,1
1260,1
16989,1
7466,0
39192,1
27146,2
19334,1
37715,1
13088,0
26135,1
19452,1
18722,1
7244,1
3226,1
16507,0
29099,1
29607,1
13876,0
30070,1
32731,1
35117,1
20038,2
37529,1
27086,1
33043,1
44529,1
35872,2
5026,1
45949,1
42703,1
9537,1
24814,1
33435,1
16804,0
16203,1
31963,1
4330,1
9039,1
19896,2
43787,2
15151,0
47000,1
12394,1
6035,1
46361,1
25529,1
17406,1
10187,1
16453,0
38425,2
25620,1
26860,2
4078,1
17812,1
4550,1
29080,1
2936,1
8595,2
22244,0
40732,1
35743,1
31709,1
1422,1
9851,1
44292,0
42376,1
6565,1
41331,2
17261,0
26764,1
114,1
46416,1
43756,1
28407,1
22800,1
37988,1
21368,1
3934,1
26712,2
10381,1
12491,1
34350,1
3884,1
22875,1
30908,1
16974,0
17782,1
20356,0
14314,0
14307,0
29304,1
6227,1
2557,1
45918,1
25768,1
32080,1
26212,1
38639,1
22890,0
42648,1
32341,0
34013,1
14694,2
37207,1
27815,1
3251,1
31102,1
15099,0
27013,1
31326,1
42073,1
19784,2
47384,1
19834,1
5914,1
19431,1
36069,2
9290,1
44047,0
18226,1
7749,1
18369,1
20541,0
14871,0
19938,0
23111,1
28889,1
37542,2
34629,1
18500,1
12888,1
19788,0
19137,0
10764,1
15207,0
32800,1
22114,0
20059,0
33074,1
26194,1
32068,1
42662,1
46031,1
48150,1
16269,1
31192,1
43822,2
1483,1
38107,1
2029,1
46592,1
9953,1
354,1
21044,0
11177,1
30243,1
46220,1
37651,1
23134,1
29174,1
42655,1
30567,1
22598,0
46305,1
47389,1
28838,1
30603,1
46058,1
13538,0
44978,1
593,1
491,1
6140,1
1398,1
1301,1
47101,1
36667,2
26504,1
14554,1
38705,2
39814,1
44334,0
30247,1
13141,1
35986,1
18216,1
13087,1
41039,1
41139,1
1562,1
17688,0
41848,1
26473,2
9088,1
18461,1
36035,0
20319,1
20345,1
14659,1
36981,1
3978,1
46054,1
18670,1
46965,1
16637,1
357,1
16775,0
47435,1
16137,0
3612,1
25225,1
23017,2
39654,1
4951,1
29691,2
46776,1
10200,1
25744,1
4453,1
40537,1
10883,1
8432,1
43471,1
37365,2
34826,1
39864,1
25964,1
32130,1
12560,1
26624,1
37697,1
13752,0
8950,1
45033,1
35014,1
16273,0
1695,1
923,1
4642,1
13937,0
15823,0
35901,1
36512,0
2533,1
39665,2
7936,0
22998,1
30030,1
41401,1
25748,1
6517,1
28187,1
20265,1
21861,0
46937,1
8194,0
31550,1
35112,1
230,1
10247,1
20711,0
36122,0
35039,1
46760,1
3689,1
43338,1
17600,0
15766,1
7362,1
42695,1
12055,1
40469,2
23239,1
42515,1
43358,1
30712,2
10415,1
46294,1
1285,1
12484,1
22935,1
670,1
32028,1
41292,1
33328,1
29867,1
36213,1
28931,1
28959,1
22232,0
7197,1
14566,1
31581,2
48032,1
23367,1
28582,1
32340,1
44796,1
30058,1
62,1
27296,1
1676,1
44920,1
553,1
440,0
16343,0
12895,1
43620,2
37231,0
13051,1
10932,1
13762,0
8817,2
39847,1
41625,2
17430,1
25335,2
9319,1
21218,1
27062,1
44490,1
30911,2
9082,1
1913,1
26476,2
29105,1
15398,0
5824,1
38844,1
40043,1
20717,0
46768,1
30960,1
36186,1
23437,0
42200,1
5810,1
32066,1
45486,1
2288,0
44766,1
6063,1
19448,1
27027,1
43803,1
26278,1
6527,1
37164,1
31733,1
47521,1
21157,1
40971,0
47970,1
47808,1
34458,1
24150,1
15955,0
7261,1
36628,2
18136,1
45543,1
4353,1
4826,1
10237,1
25047,1
24580,2
2355,1
12077,1
26329,1
13720,0
22424,2
40845,1
30901,1
44202,0
48289,1
2810,1
34520,2
4292,1
11253,1
25293,1
38175,1
1069,0
44538,1
17645,0
38731,1
40883,1
1144,1
15422,0
15179,0
24357,1
8544,2
19632,1
26040,0
38980,1
31269,1
242,1
23132,1
18983,0
27651,1
35979,1
36732,1
25290,1
37657,1
42477,1
27788,2
44486,1
12988,1
35797,1
29189,1
7221,1
29456,2
16931,1
4004,1
48267,1
4980,1
25459,1
16522,1
20458,0
17467,1
33583,1
8431,1
43230,1
27768,1
9108,1
17263,0
18584,1
7130,1
693,0
44752,1
7058,1
16839,0
47230,1
2506,1
19414,1
35392,1
24262,1
25256,1
5594,1
3876,1
18453,1
40937,1
34675,0
45518,1
19519,1
46449,1
14006,0
35924,1
27152,1
37096,1
31783,1
17993,1
29451,1
37188,1
25429,1
37268,1
5818,1
25091,2
31001,1
21772,1
11585,0
20443,0
4898,1
43711,1
16485,0
47266,1
17163,2
34489,1
21314,1
38516,1
35296,1
44753,1
23275,1
39825,1
35677,1
13916,0
10768,1
5004,1
9349,1
45054,1
645,1
23867,1
15509,0
10718,1
16986,0
2047,1
8506,0
32566,1
33853,1
40805,1
9457,1
6644,1
38692,1
40315,1
35837,1
25011,1
33556,1
30974,1
11025,1
14491,0
11139,1
46179,1
48045,1
42409,1
30064,1
25384,1
41206,1
36728,1
7030,1
35695,1
32403,1
13546,2
47940,1
26247,2
12558,1
43916,0
37077,1
31704,1
39103,1
7899,1
14213,0
8413,1
11769,2
32121,1
45695,1
31989,1
46430,1
40079,2
32977,1
15135,0
24794,2
15363,0
34630,2
16604,1
27561,1
30245,1
26423,1
28380,1
25428,1
15889,0
32275,1
44974,1
4188,1
19724,1
37028,2
24639,2
30832,0
26566,2
27849,1
2415,1
19333,1
24521,1
30067,1
26145,2
43433,1
39482,1
2499,1
2028,1
31854,1
12190,1
40184,1
12237,1
40632,1
21149,1
36715,1
33000,1
7753,1
26000,1
17689,0
21350,1
27198,1
149,1
35184,2
42176,1
42514,1
35849,1
31873,1
32906,1
11724,0
26577,1
38036,1
43655,2
41862,1
38346,2
27415,2
39140,1
43070,1
28033,1
10280,1
6553,1
20790,0
4179,1
43004,1
41302,2
46584,2
21946,0
48409,1
17972,1
32742,1
29801,1
25545,1
10404,1
21006,0
2884,1
3700,1
20687,0
21535,1
21970,0
18519,1
11933,1
3753,1
15307,0
15310,0
8502,2
14039,0
23705,1
34115,1
5830,1
6615,1
8368,1
19242,1
46311,1
21168,1
46821,1
42483,1
25373,1
36764,1
2758,2
7177,1
27907,2
14477,0
33073,1
1094,1
32103,2
23667,1
13291,1
41216,2
14996,0
46778,1
699,1
30524,1
16734,0
14557,2
26994,1
14761,1
11360,0
10101,1
11626,0
673,0
3278,1
33250,1
18178,1
28219,1
19909,1
20710,0
42613,1
46306,1
44480,1
48330,1
35785,1
24852,1
33826,2
17012,0
33542,1
2924,1
15621,0
11265,1
36374,2
47953,1
11736,0
13403,1
10216,2
48269,1
47567,1
13854,0
37047,2
8021,1
18948,0
23016,1
22974,0
13534,2
10026,1
26935,1
38986,1
36408,2
40396,1
1802,1
43767,1
1416,1
27717,1
5352,1
29046,2
5433,1
1747,0
28503,1
304,1
46877,1
9960,1
45256,1
31270,1
16111,1
23571,1
7394,2
8835,1
28919,1
11207,1
5774,1
29136,1
43238,1
32435,1
22703,1
8377,1
35203,1
30874,1
24722,1
17204,0
6908,1
12927,1
38038,1
20983,0
27051,1
34237,1
976,0
45160,1
2109,1
24051,1
9029,1
34280,1
2410,1
13756,0
36688,2
5892,1
14064,0
26352,1
9360,1
22556,0
25810,1
37118,1
3517,1
28580,1
42081,1
19617,1
26965,1
2665,1
2922,1
1141,1
34059,1
17179,0
13687,2
13321,1
16555,1
28579,1
2752,1
41539,0
5764,1
27148,2
841,1
11655,0
35096,1
24103,1
3736,1
8448,2
27533,1
46721,1
18249,1
11689,0
15873,0
36373,2
45315,1
9371,1
39678,2
8518,1
20952,0
30086,1
20959,0
19122,1
17007,0
16770,0
26455,1
14687,1
43986,0
2255,1
12844,1
20840,0
30671,1
10016,1
9354,1
1462,1
18876,2
22010,0
34827,1
45463,1
36468,2
20848,0
17674,0
13132,1
20883,0
27234,1
29871,1
25,1
47366,1
21388,0
41019,1
30762,1
33465,1
20182,1
42405,1
15692,1
15731,2
15324,0
25470,1
44564,1
829,1
5062,1
28268,1
37407,0
10141,1
40054,1
30033,0
15185,0
46898,1
18959,1
17155,1
3903,1
15809,0
45331,1
28903,1
37920,1
18465,1
44020,0
9230,1
19427,1
2555,1
10428,1
3626,1
24316,1
18412,1
39194,1
47430,1
5513,1
36348,0
33639,2
9188,1
38215,1
44054,0
8519,1
33733,1
8793,1
15746,1
16665,0
48072,1
11651,0
19295,1
31350,1
43246,1
4996,2
1447,0
19394,1
5098,1
15391,0
31086,1
6763,1
37437,1
32697,2
42986,1
5925,1
7932,1
26395,1
24492,1
39855,1
34774,1
11400,0
6935,1
37371,1
17620,0
15189,0
14842,0
26518,1
23076,2
10916,1
14022,0
46670,1
26359,1
47241,1
350,1
44242,0
15856,0
17366,1
3482,2
33284,2
1490,1
13806,0
29782,1
16918,0
15574,0
37390,1
3569,1
591,1
34226,1
36393,0
46092,1
46899,1
23602,1
8722,1
27123,1
7395,2
17492,1
15645,1
34277,2
23982,1
28080,1
41880,1
2556,1
18060,1
9227,1
30753,1
16317,0
23968,2
43217,1
45288,1
14243,0
22456,0
1507,1
18644,1
27076,1
36967,1
18781,0
40263,1
4306,1
45751,1
31294,1
24405,1
15222,0
45399,1
45580,1
26656,1
29203,1
37113,1
8386,1
5525,1
5373,1
11151,1
37698,1
35605,1
35601,1
46600,1
32097,2
25313,1
17340,1
36,1
4166,1
441,1
32725,1
24057,1
39006,1
17711,1
7118,1
33734,1
2682,1
47580,1
11029,1
19690,1
35525,1
28408,1
12243,1
31077,1
26731,1
22388,2
891,1
19538,2
1210,1
22759,2
38252,1
38142,1
3879,1
16777,0
109,1
21634,1
23712,0
39289,1
26298,1
21235,1
41128,1
35620,1
42488,1
37085,1
23045,2
25742,2
39873,1
18845,1
34420,1
43015,1
7908,1
22509,0
11285,1
20942,0
27066,2
31844,1
38477,1
23517,1
26412,1
1090,1
30478,1
23373,1
2782,1
45728,1
32148,1
17732,1
6836,1
15930,0
11100,1
4929,1
1713,1
29352,1
45016,1
118,1
28234,1
48485,0
48568,1
2395,1
15642,1
35300,1
47904,1
40438,1
48008,1
46016,1
38216,1
2903,1
17339,0
34024,2
44133,0
25103,1
47748,1
17227,0
40449,2
16215,1
9964,1
3006,1
21804,1
44738,1
10227,1
22727,1
38130,1
38591,1
20707,0
46464,1
10028,1
45645,1
26449,1
9325,1
13269,1
7631,1
24035,2
46713,1
14177,0
34878,1
11866,0
9611,1
45329,1
6087,1
306,1
31981,1
32071,2
3670,1
27336,1
42916,1
46415,1
3283,1
44374,0
37978,1
45349,1
38160,1
34501,1
21528,1
8731,1
17943,1
46923,1
40606,1
14095,0
26408,1
20229,0
14340,0
9985,1
38331,1
6488,1
3265,1
31090,2
17535,1
22258,0
34403,2
35024,1
25155,1
14948,0
11906,1
19158,0
40581,2
19293,1
32885,1
29948,2
16371,0
35435,2
6183,1
16079,0
45194,1
20975,0
5047,1
12366,1
3234,1
32429,1
38026,2
31129,1
14453,0
42077,1
8761,1
11042,1
13408,1
42423,1
31446,2
42666,1
40784,1
666,1
21494,1
37586,2
4406,1
13013,1
35882,1
7862,0
46356,1
15249,0
43950,0
10972,1
46576,1
16301,0
21300,1
47235,1
36054,1
13887,0
42674,1
27412,1
41971,1
28318,1
43745,1
6602,1
32741,2
35506,1
3101,1
43614,1
45561,1
26561,1
21872,1
1981,0
32631,2
40093,0
20875,0
1125,1
4117,1
11058,1
38470,1
1789,1
16300,0
5252,1
7095,1
28666,1
23693,1
6974,1
12323,1
824,1
1631,1
29914,1
45521,1
35329,1
24649,1
5423,1
39472,1
15916,0
26602,1
37184,1
36264,1
23118,1
7302,1
22862,1
29058,1
32983,1
10687,1
7376,1
48370,1
45279,1
39659,1
1387,1
22611,0
19479,1
27713,0
8185,1
20891,0
42387,1
23819,2
38902,2
42085,1
12787,1
8214,0
35870,1
6472,1
31803,1
16210,1
26137,2
43540,1
14665,1
15517,0
31966,1
15396,0
41462,1
25179,1
8093,1
28238,2
37162,2
16023,0
28816,2
41807,0
46822,1
25703,1
6609,1
11529,0
45219,1
22190,0
39673,2
47161,1
15920,0
10312,1
6028,1
4522,1
39571,2
12062,1
48520,1
13927,0
22397,1
45487,1
36910,2
38502,1
14410,1
8665,1
14494,0
24260,1
32168,1
23480,1
11828,0
18957,1
17625,0
38011,1
45401,1
34272,1
560,1
47690,1
19074,1
33269,1
33326,1
24289,0
17606,0
48148,1
18223,1
9762,1
11032,1
8880,1
10338,1
31758,1
40600,1
1876,0
43732,0
25676,2
23795,1
47134,1
12767,1
42952,1
34196,1
12438,1
15837,0
27149,1
1600,1
15898,0
16687,1
31253,1
15339,0
19554,1
2975,1
4075,1
11489,0
16514,0
43905,0
1220,1
17,0
18975,1
13212,2
30750,1
41450,1
47063,1
18635,1
1709,1
7766,1
19191,0
42549,1
2971,1
40858,1
18121,1
32245,1
37295,1
3415,1
5366,1
36608,2
39506,1
15162,0
1309,1
13465,2
48453,1
16641,1
36303,1
42066,1
25811,1
36935,1
37176,1
16198,1
33921,1
4329,1
32719,1
5348,1
1867,1
3902,1
41022,0
19048,1
6114,1
46579,1
42654,1
38268,1
1719,1
2760,1
31879,1
26964,2
46634,1
45125,1
41752,2
44149,0
12984,1
42533,1
47727,1
42802,1
19573,1
21989,0
22861,1
13335,1
31385,1
12753,1
17001,0
41598,1
17322,0
43201,1
41229,0
41854,1
19188,1
14421,0
18435,1
3953,1
8390,1
28516,2
39187,2
2667,1
41956,1
38405,1
27791,1
35751,1
18888,1
13084,1
25971,0
41069,1
4796,1
19905,0
7863,0
13393,2
11535,0
155,1
22616,0
25473,2
39174,1
28540,1
32404,1
3457,1
29204,1
4682,1
23261,1
21998,0
16401,0
4490,1
34751,1
39523,1
539,1
29492,1
42082,1
28138,1
11598,0
5089,1
3121,1
27794,1
33981,1
21203,1
38174,1
9544,1
6840,1
26024,2
568,0
32938,1
38948,1
25752,2
46605,1
34121,2
11392,0
15603,0
25568,1
1941,1
42914,1
33381,1
29845,1
33892,1
15535,0
19319,1
37075,1
28792,1
20235,1
11835,0
10030,1
31692,1
34795,1
47259,1
37208,1
7218,1
5691,1
23999,1
5066,1
26900,2
48388,1
19530,1
38543,1
31098,1
14127,0
46207,1
46474,1
17738,2
19250,1
36494,2
46723,1
32166,1
8497,2
30335,1
45002,1
37786,1
36747,2
25982,1
6783,1
44791,1
42305,1
43921,0
30170,1
34788,1
19390,0
11793,0
41251,1
7918,2
2820,1
10271,1
19932,2
25528,1
11794,0
10980,1
43524,1
12301,1
33715,1
42932,1
47492,1
4586,1
3591,1
45372,1
46319,1
9559,1
11149,1
13080,0
1013,1
34570,1
39979,0
31419,1
20694,0
15840,0
13176,1
28326,2
39892,1
39299,1
12908,0
46943,1
21938,0
20683,0
32954,1
41179,1
41299,2
21543,1
15251,0
35540,1
38381,1
41667,2
19991,0
8675,1
23368,2
43623,1
951,1
10181,1
19367,1
18710,1
4256,1
44910,1
48262,1
514,1
14521,1
46959,1
9777,1
36478,2
15144,0
48131,1
42757,1
18381,2
18719,1
44519,1
27030,1
28362,2
31071,1
11880,1
3830,1
24758,1
36783,2
18800,1
10741,1
31085,1
29432,1
46874,1
9050,1
13936,0
23463,1
47908,1
40820,1
10221,1
39599,1
14111,0
1375,0
48316,1
43830,1
39817,2
6727,1
44639,1
43052,1
26480,1
7295,1
33987,1
22390,2
25086,1
40276,1
9536,1
28139,2
38724,1
11409,0
29890,1
6335,1
25613,1
17788,1
14137,0
41989,1
46795,1
7764,1
2453,1
42099,1
44652,1
42112,1
47949,1
23925,1
46854,1
29784,1
31860,1
15376,0
46407,1
46226,1
35687,1
6601,1
37685,1
47552,1
14163,2
35499,1
26907,1
29234,1
8966,1
26626,1
45889,1
33527,1
43474,1
15031,0
29224,2
32443,1
28874,1
29447,1
7375,2
42504,1
13245,1
36496,0
47864,1
47649,1
31209,2
28144,2
13074,1
36806,2
47486,1
24848,1
22187,0
31672,1
39561,2
6274,1
39576,1
34014,1
44455,0
2656,1
13341,0
40648,1
25940,1
42031,1
4855,1
2918,1
23287,1
15483,0
12417,2
1019,1
6345,1
259,1
1729,1
9535,1
23216,1
3516,1
35088,1
22224,0
8951,1
44311,0
3993,1
19366,1
6304,1
7367,0
16020,0
34892,1
11206,1
32283,1
7721,1
8260,1
43000,1
32739,0
25659,1
45158,1
1306,1
43120,1
15770,1
43231,1
10387,1
10460,1
46385,1
40008,1
34865,1
2525,1
34243,1
31266,1
39476,1
24458,1
5147,1
42836,1
18006,1
42127,1
37240,2
16314,0
11406,0
14680,1
25401,1
19583,0
38463,2
2206,1
9134,1
29735,1
43555,2
42915,1
5792,1
42352,1
14903,0
43488,1
26533,1
34209,1
19150,1
40187,1
37670,1
32368,1
23891,1
9059,1
43091,1
46706,1
45550,1
26690,1
16451,0
43720,2
19765,0
34424,1
23585,1
4133,1
44021,0
13832,0
23276,1
6224,2
23760,1
1735,1
11038,1
16993,0
550,1
8245,2
3460,1
6841,1
42598,1
48215,1
21186,1
7982,2
28756,1
13109,1
44263,0
6896,1
34823,1
9427,1
20311,1
1068,1
28604,1
8459,2
38595,1
13454,1
2747,1
43593,2
27302,1
35957,1
29405,1
43343,1
43531,1
1633,1
12822,1
37169,0
45583,1
42920,1
29771,2
13545,2
45654,1
47564,1
3259,1
42310,1
16890,0
32915,2
16000,0
45468,1
31196,1
18089,2
27164,1
13688,0
47529,1
33020,1
3056,1
47184,1
34173,1
9355,1
8366,0
13868,0
37935,1
4165,1
6000,1
29521,2
15306,0
20486,0
29267,1
35671,1
23388,2
23012,0
11548,0
26791,1
12780,1
4152,1
5972,1
16071,0
1597,1
13029,1
19265,1
13400,1
40381,1
21187,1
27618,2
7194,1
46195,1
33428,1
40333,1
7422,0
20862,0
6268,1
41203,2
22486,0
4919,1
39680,1
42190,1
3673,1
11056,1
24619,1
6597,0
4991,1
7826,1
32556,2
14874,0
23575,1
2670,1
41522,0
6296,1
13420,1
38416,1
5827,1
37664,1
1688,1
17900,1
9180,1
785,0
21455,2
46942,1
42573,1
30203,1
42440,1
38030,1
40828,1
10790,1
20878,0
41048,2
5122,1
47218,1
14797,1
19714,1
45984,1
35932,1
23758,1
11929,1
15402,0
7139,1
30585,2
21870,1
14196,0
40957,2
25884,1
10314,1
16013,1
41458,1
36152,2
38167,1
28053,1
47226,1
6091,1
17363,1
19475,1
28267,1
17494,1
7665,1
23384,1
23776,1
8257,1
3787,1
42346,1
32477,1
15298,0
2877,1
8583,2
40993,1
14953,0
28240,2
38157,1
31444,1
14965,0
1897,1
46581,1
34001,1
45815,1
46309,1
23422,1
11157,1
37247,1
30570,1
41695,0
4502,1
8654,1
46611,1
31962,1
8121,0
45043,1
46440,1
24241,1
24481,1
31567,1
26824,1
29433,1
5157,2
37279,1
30290,1
28542,1
43684,2
42147,1
8636,1
16160,0
10983,1
3284,1
8418,1
14883,0
243,1
33220,1
35101,1
39404,1
33396,1
12278,1
38944,2
13506,2
28707,1
13415,1
19848,1
48218,1
15213,0
5414,1
26091,2
3531,1
28082,1
5425,1
14794,1
26757,1
12980,1
8123,1
17221,0
3585,1
43661,2
82,1
32865,1
10590,1
7837,1
13433,1
11998,1
20250,0
15075,0
24899,1
12404,1
24450,2
45856,1
9956,1
19649,1
44593,1
9127,1
37536,1
35115,1
35667,1
15647,1
32561,1
37566,1
35884,1
16930,0
16322,0
11035,1
7312,2
13023,1
10689,1
44736,1
11723,0
6410,1
29526,1
4861,1
29693,1
19998,2
3462,1
12947,1
44945,1
28672,2
20713,0
26837,1
33263,1
29564,1
42725,2
14005,0
14360,0
18995,2
38572,1
20924,0
28121,1
30795,1
15070,0
26057,1
23095,1
18639,1
21844,1
13122,1
8412,1
44854,1
28510,1
26592,1
17988,2
26148,1
47724,1
45912,1
12095,1
13833,0
47364,1
16528,1
42701,1
27671,1
26076,1
40238,1
10731,1
20384,0
16039,1
19761,1
16417,0
36293,1
36873,1
38347,1
27247,1
46009,1
34058,1
12734,1
43149,1
13588,0
33773,1
48123,1
42219,1
12216,1
35701,1
21379,1
2054,1
21415,1
38590,2
26,1
250,0
10895,1
6392,1
12285,1
39217,1
9328,1
9380,1
33771,1
27834,1
18731,0
47281,1
40939,2
4033,1
46967,1
18279,1
36498,0
30868,1
47122,1
46932,1
7150,1
17293,0
3370,1
48107,1
17563,0
12941,1
894,1
11389,0
44301,0
1341,1
28226,1
37004,2
39857,2
38369,1
32409,1
5522,1
3667,1
47579,1
27338,1
36650,1
45546,1
41524,1
18091,1
32634,1
8683,1
45968,1
21973,0
45104,1
45945,1
45734,1
13028,1
21590,1
27304,1
47933,1
7906,1
20528,0
25017,0
19101,2
35290,1
16887,0
14980,0
4946,1
9775,1
22470,0
47861,1
4282,1
335,1
42499,1
25113,1
38443,1
18031,1
37974,1
33021,1
36739,1
26485,1
22264,0
9578,1
34332,1
19420,1
21714,1
10531,1
1075,2
32549,1
48531,1
43375,1
19854,1
6433,1
14269,0
1465,1
30259,1
22375,1
37056,1
16295,0
20776,0
22635,0
6211,1
14848,0
37120,1
34971,1
21359,1
31793,1
7370,1
27903,1
39498,1
17386,1
43827,1
38693,0
12721,1
42747,1
7539,1
19289,1
43805,2
2143,0
17770,2
16380,0
38219,1
41688,0
33803,2
24538,1
38012,1
47232,1
24963,2
7199,1
47721,1
7619,0
43869,0
28015,2
19895,0
28843,1
5784,1
31522,2
38859,1
32274,2
17506,2
34946,1
26372,1
29083,1
6633,1
44695,1
19315,1
40294,1
8980,2
19860,1
16654,1
9965,1
32674,1
8976,1
12520,1
22694,1
30100,1
6423,1
40287,1
38563,1
11243,1
13,1
31495,2
34220,1
18485,1
30304,1
30653,1
3614,1
20813,0
5617,0
12254,1
8114,1
20646,0
24838,1
22755,2
32408,1
30333,1
38891,1
35478,1
25831,1
22493,0
23632,1
17868,1
43161,1
14978,0
25209,1
48304,1
21600,1
24857,1
22980,1
6572,1
36299,1
12160,1
26660,1
9600,1
24305,1
27795,1
41774,1
20639,0
45647,1
40575,2
37025,1
46720,1
34868,1
16205,1
3550,2
47352,1
38112,1
45364,1
33979,1
18151,1
3556,1
7565,2
24229,1
26468,1
22502,0
13809,0
16250,1
39390,1
14894,0
11747,0
22201,0
1014,1
43192,1
11486,0
16560,1
17803,1
42204,1
1227,0
1979,0
22602,0
15160,0
40317,0
36226,1
47310,1
27565,1
26761,1
10574,1
46643,1
25448,1
23186,1
48285,0
24954,2
6395,1
7437,1
34701,0
26517,0
15606,0
20792,0
22925,1
12597,1
42253,1
16170,0
13678,2
6116,1
5524,1
24533,1
28900,1
12487,1
504,0
29506,1
2954,1
3538,1
6026,1
23217,1
18458,1
14976,0
8008,1
21928,0
43584,2
19395,2
15609,0
28762,1
21862,1
46897,1
48459,0
11176,1
45099,1
45864,1
37828,1
16848,0
33761,2
19925,0
27064,1
24022,1
16899,0
17617,0
22073,2
25116,1
47278,1
11892,1
30092,1
11898,1
16968,0
48235,1
12851,1
6122,1
20997,0
35577,1
28942,2
2251,1
24395,1
31151,1
13231,1
40374,1
15580,0
3442,1
36284,2
14735,1
19119,1
33824,1
32033,1
19226,1
40017,1
16092,0
2763,1
31409,1
11310,1
10694,1
837,1
4846,1
26772,1
32598,1
22059,0
12229,1
25536,1
7401,1
39736,1
43313,1
34646,1
19950,2
19963,2
8588,1
10378,1
13362,1
20768,0
18004,1
7781,1
29305,2
31757,2
20226,0
2812,1
5484,1
12067,1
34160,1
13800,0
24025,1
3662,1
28925,2
6226,1
32985,1
15086,0
37209,2
29619,1
13305,1
5438,1
17947,1
27211,2
31579,1
37239,1
17393,1
22720,1
7024,1
28973,1
45886,1
23664,1
17637,0
31369,1
22042,0
35233,1
20185,1
41586,0
34977,1
20614,0
35991,1
1059,1
1538,1
43019,1
42756,1
8647,1
47651,1
48103,1
31407,1
45823,1
2944,0
5048,1
9130,1
41384,0
24756,1
23988,1
17055,0
21825,1
32884,1
20972,0
31759,1
30175,1
9284,1
11620,0
19603,1
45202,1
33231,1
3615,1
10836,1
5741,1
19283,1
33511,1
16090,0
41127,1
33103,0
31231,0
34404,2
23967,2
12707,1
31806,1
26500,1
1990,1
25439,1
15282,0
42377,1
26805,1
34174,1
20540,0
45904,1
4714,1
5140,1
32344,1
32695,2
16803,0
16548,1
19640,1
45180,1
44349,0
43774,2
8630,2
18764,1
25891,1
2653,0
12670,1
5880,1
43076,1
8376,1
46676,1
37359,1
33243,1
36237,1
6529,1
40617,2
792,1
38701,1
7983,2
42579,1
11115,2
31218,2
42152,1
48644,0
18514,1
12040,1
8013,1
30096,1
5585,1
8955,1
35241,1
32145,1
24125,1
44491,1
17491,1
23044,1
35750,1
13138,1
47006,1
19556,1
24553,2
2528,1
44845,1
31014,1
41005,1
32512,1
29137,1
1848,1
24962,1
46291,1
31723,1
24831,1
47930,1
40739,2
42053,1
14433,0
28780,1
38925,1
27248,1
45811,1
25815,1
30937,1
5783,1
47585,1
35935,1
7534,1
15927,0
34789,1
45730,1
41278,1
12765,1
20911,0
15257,0
22179,0
28532,2
10351,1
19214,1
25197,1
14365,0
39852,1
31481,1
41739,2
6566,1
1772,1
31808,1
31902,1
42166,1
28841,1
42002,1
40152,2
47067,1
13327,1
44731,1
33808,1
28905,2
29762,2
2509,1
37262,1
3004,1
34203,2
27067,1
42340,1
37713,1
11482,0
10343,1
3361,1
27886,1
3683,1
46366,1
39376,1
39631,2
39660,1
2939,1
32473,1
13850,0
23286,1
43650,0
33996,1
6053,1
37341,1
33903,1
47417,1
12284,1
18745,1
41563,1
16664,1
18545,1
43287,1
13607,0
27721,2
6951,1
10580,1
20926,0
29709,1
32862,1
6363,1
28460,1
2213,1
10434,1
33048,1
10787,1
46433,1
37899,2
37104,1
35512,1
14962,0
34810,1
8085,1
14745,1
44091,0
8871,1
10682,1
44365,0
6052,1
23218,2
40946,1
26331,1
23452,0
42874,1
41075,0
6251,1
30700,1
14277,0
21656,1
15721,1
13883,0
36291,1
23500,1
48003,1
39488,1
34759,1
2460,1
10802,1
10500,1
24959,1
6136,1
41443,1
19149,1
20043,2
29202,1
14799,2
4284,1
31381,1
25800,0
4139,1
24041,1
18571,1
31225,1
30871,1
3044,1
34952,1
26670,1
20666,0
26120,1
37644,1
6776,1
28614,1
15219,0
24573,2
27584,1
2352,1
27836,2
6487,0
39195,1
15957,0
32554,1
14990,0
27989,1
24296,2
28272,1
6089,1
25682,1
31486,1
38816,1
39095,1
7102,1
1776,1
22459,0
42644,1
11,1
36018,1
8940,1
25201,1
48619,1
12708,1
13658,2
11728,0
40747,2
43476,1
14629,1
41755,2
39121,0
46114,1
17601,0
1195,1
38490,1
1640,1
32401,1
37321,1
41735,1
25741,1
47614,1
6371,1
26292,2
40731,1
4835,1
26941,1
27857,1
11677,0
1298,1
20008,0
1466,0
17945,1
35923,1
1807,1
10639,1
11914,1
5576,1
48069,1
44369,0
37267,1
34345,2
30181,1
7689,1
9997,1
3433,1
317,1
22760,1
9735,1
9817,1
11919,1
13413,1
29896,1
37910,1
47481,1
48486,1
11671,0
35714,2
39834,1
5359,2
7254,1
28322,1
40980,2
20871,0
45230,1
7019,1
28860,1
12786,1
44127,0
19350,0
48675,1
2285,1
12773,1
42991,1
33976,1
3033,1
9878,1
38670,2
25692,1
1832,1
13870,0
5845,1
8231,2
38308,1
17597,0
48450,1
2624,1
19703,1
20732,0
11503,0
41018,1
301,1
20496,0
35484,1
39057,1
7731,1
36855,1
24522,1
20804,0
12108,1
7855,1
15112,0
12338,1
7884,2
26332,2
16971,0
20237,1
18158,1
43351,1
19960,0
19484,0
17377,1
13630,2
43586,1
36324,2
32105,1
11603,0
48200,1
37135,1
42523,1
7339,1
40822,2
34387,1
12644,1
42814,1
27654,1
16216,1
40196,1
30910,1
18837,1
41175,1
36770,2
25419,1
19642,1
41275,1
25846,1
32280,1
39696,1
3943,1
21377,1
16766,2
26613,1
3545,1
35801,1
2927,1
5277,1
17676,0
21470,2
7361,1
41427,0
46157,1
18345,1
6586,1
48399,1
8169,1
23742,1
39004,1
10094,1
9437,1
1878,1
6272,1
43430,1
44028,0
26458,1
40821,1
19715,1
20989,0
42913,1
35547,1
36232,1
25877,1
9833,1
14112,0
32362,1
32398,1
33430,1
37224,2
15835,0
10259,1
30116,1
40408,0
120,1
47851,0
21874,1
9548,1
43036,1
29359,1
18403,1
42373,1
12923,1
34333,1
16519,1
39637,1
18702,1
18636,1
15615,0
41945,1
10405,1
43168,1
46315,1
29095,1
42461,1
13004,1
46497,1
35254,1
37154,1
32585,1
30099,1
21073,0
11111,1
33846,1
17896,1
7492,1
34745,1
34811,1
9443,1
10189,1
18026,1
43777,1
9818,1
38023,1
15457,0
29516,2
19527,1
21876,1
16867,0
9501,1
46441,1
19781,0
11353,0
24856,2
47711,1
23996,1
31400,1
41611,1
44856,1
7409,1
29172,2
780,1
4601,1
9308,1
17763,1
23004,0
3706,1
24421,1
17897,1
30439,0
19429,1
7530,1
41858,1
37750,1
36686,1
3761,1
23732,1
28404,1
40429,1
37572,1
35616,1
25250,1
48212,1
20401,0
27723,1
3128,1
26064,1
18533,0
27566,2
2411,1
16697,0
11905,1
15614,0
19908,1
18523,1
14633,1
48532,1
10349,1
574,1
4629,1
6534,1
31193,2
39209,0
39491,0
9619,1
35805,1
39651,2
40931,1
7971,1
22024,0
5511,1
1840,1
29297,2
17369,1
39699,1
14070,0
37297,1
12185,1
15037,0
30482,2
2204,1
32522,1
46717,1
27875,1
2441,1
35396,1
15349,0
17452,1
36062,1
32337,1
10508,2
24526,2
12333,1
38409,1
2017,1
24233,1
37443,1
7835,1
2791,1
8986,1
34528,1
3126,1
20662,0
42680,1
37888,1
46521,1
48347,1
18494,1
40555,2
11742,0
13018,1
17525,1
21517,1
24123,1
8776,1
2764,1
32627,2
36566,0
26357,1
44981,1
27406,1
2727,1
8458,1
12090,1
31580,1
1412,1
22167,0
34661,1
33438,1
6972,1
9591,1
10765,1
34818,1
17033,0
11553,0
39734,0
42160,1
11181,1
9362,1
19775,1
36184,2
21213,1
6755,1
1360,1
43706,1
39738,1
20408,0
4214,1
31040,1
20172,1
43939,0
28786,0
15091,0
46296,1
3954,1
45111,1
37804,1
20624,0
26032,1
7555,1
25260,1
32961,1
42927,1
37453,1
36821,2
4664,1
37581,1
19793,2
38048,1
6132,1
10265,1
25314,1
30800,1
14586,1
46358,1
46329,2
10555,1
41194,0
6133,1
25368,1
36939,1
5575,1
45616,1
32998,2
32140,1
714,1
18166,1
12942,1
25719,1
27463,2
30370,1
12479,1
37388,1
39935,1
20689,0
9219,1
46530,1
30623,1
13365,1
20602,0
31616,1
46998,1
43691,1
16512,0
42882,1
40496,2
28945,1
12253,1
42208,1
557,0
2659,1
20774,0
13463,0
41498,1
17835,1
45282,1
33844,1
13871,0
27303,1
29646,1
26065,1
29987,2
8315,0
36918,2
17919,1
47195,1
45409,1
40972,1
47076,1
21033,0
18962,1
43526,1
8739,1
38209,1
46150,1
11511,0
4743,1
42911,1
35498,1
45144,1
45278,1
18365,1
39913,1
33742,1
34642,1
14493,0
6208,1
28476,1
17764,1
8706,1
44014,0
33294,1
23723,1
4277,1
25137,1
23788,1
14810,1
14950,0
12382,1
22185,0
27295,1
29374,1
36400,0
38847,2
15454,0
33624,1
1580,1
15013,0
22867,2
7238,1
17434,1
26984,1
31240,1
48590,1
23800,1
6537,1
44006,0
17675,0
12281,1
44011,0
13863,0
36710,1
44755,1
422,1
31293,1
932,1
30459,2
21236,1
40122,1
14565,1
31352,1
42075,1
12992,1
3163,1
23233,2
44260,0
26654,1
23498,1
14983,0
9719,1
22522,0
9420,1
5552,1
20439,0
44023,0
26188,1
2361,1
2216,1
5578,1
9459,1
22704,1
6774,1
19782,2
32641,1
37943,1
4374,1
45843,1
45910,1
27746,1
43988,0
27923,1
36479,2
26296,1
2198,1
27639,1
35656,1
25938,2
32036,1
4625,1
39341,1
15350,0
37480,2
34579,1
30658,1
14015,0
36309,1
33409,1
14419,0
403,1
19550,1
8492,0
31468,1
34084,1
37106,1
48063,1
9594,1
16880,0
263,1
2077,1
13411,1
15408,0
24173,1
34715,2
36522,0
5242,1
6173,1
33085,1
41978,1
5708,1
35893,1
28680,1
12337,1
24251,1
24772,1
34676,1
25616,1
32758,1
864,0
27669,2
44425,0
27008,2
31739,1
36343,2
43587,1
32065,1
18446,2
37416,1
35889,1
16945,0
17522,0
23820,1
31910,1
10395,1
30520,1
22903,2
30518,1
30589,1
34979,1
17380,1
8867,1
37060,1
20733,0
9774,1
8324,1
47420,1
35457,2
16919,0
10931,1
30796,1
25095,1
42245,1
16272,0
28962,1
21524,1
7794,1
28821,1
46693,1
26198,1
25430,1
8091,1
24320,1
14009,0
33300,1
20167,1
7675,1
33041,2
20944,0
47596,1
37043,1
45661,1
36490,2
8148,1
45525,1
27739,1
37092,1
2215,1
45150,1
8490,2
790,1
16035,0
34816,1
14656,2
30970,1
36875,1
30345,1
38990,2
9601,1
42714,1
15808,0
48435,0
10029,1
16995,1
12522,1
13575,0
5295,1
44219,0
5010,1
21546,1
9067,1
37777,1
38741,0
34030,0
10439,1
7510,1
19741,2
18402,1
1526,1
40261,1
15559,0
25667,1
40290,1
2147,1
43550,2
27956,1
3603,1
17134,1
45301,1
38050,1
21072,0
17643,0
21662,1
44653,1
35093,1
6987,1
23127,1
28461,1
23430,1
18388,1
35118,1
19719,1
44534,1
40988,2
7905,1
25998,1
37459,2
32276,1
28981,2
22887,1
43796,2
14862,0
30036,2
23807,1
22589,0
7801,1
18034,1
39618,1
40965,1
11694,0
26376,1
19342,1
36329,1
15117,0
22170,0
24077,1
19170,2
6455,1
2725,1
34382,1
12360,1
46388,1
24527,1
2357,1
22025,0
12936,1
248,1
14571,2
47762,1
7410,1
41657,0
26621,1
36426,2
13116,1
47570,1
32455,1
5886,1
36765,2
10043,1
22063,0
31190,1
14930,0
41506,2
24046,1
5531,1
7480,1
34294,0
36729,1
42201,1
36285,1
2457,1
11059,2
104,1
24429,2
40204,2
38155,1
8790,1
48505,1
5586,1
18674,1
5760,1
4542,1
33369,1
37396,1
22252,0
4547,1
28688,1
18070,1
11040,1
18286,1
15320,0
41480,1
37319,1
45911,1
29244,1
14730,1
33905,1
29690,1
47204,1
7304,1
36423,0
8985,1
1155,1
11829,0
47487,1
5171,1
29876,1
26746,1
30540,1
6749,1
17225,0
35657,1
17533,1
42509,1
9917,1
4391,1
1748,0
17552,1
18192,1
29087,1
18645,2
30706,1
4725,1
40165,1
45705,1
38102,1
33702,1
41056,0
23731,1
9068,1
7669,1
35171,1
45901,1
14042,0
10284,1
27496,1
4627,1
4184,1
10830,1
17658,0
10516,1
5825,1
28565,1
43705,1
4189,1
10283,1
44626,1
7723,1
7671,2
38839,0
1883,1
45121,2
8383,1
20438,0
25016,1
26768,2
30894,2
614,0
46330,1
24385,1
21161,0
4296,1
26783,2
27358,1
47813,1
24202,1
1753,1
23661,1
19586,1
43245,2
18997,1
17189,0
44283,0
48225,1
39350,1
13662,1
37600,1
33548,1
19852,2
30240,1
1890,1
6837,1
43993,0
9889,1
35271,1
22609,0
10266,1
22940,1
2066,1
26616,1
39662,0
6010,1
22768,1
19522,1
21496,1
21722,1
18269,1
16127,0
43386,1
47317,1
45390,1
8691,1
45105,1
1020,2
3113,1
13022,1
30568,1
28658,2
35085,1
14088,0
17431,2
742,1
17042,0
16074,1
8027,1
16881,0
37665,1
36609,0
351,1
30097,2
30497,1
26742,1
36117,1
6233,1
40096,1
27580,1
15267,0
42779,1
39000,1
6428,0
34172,1
1131,1
12813,1
15020,0
5237,1
20365,0
25987,1
22092,0
28773,1
1077,0
3095,1
43813,1
35591,1
34607,1
7869,1
12882,1
16413,0
34433,1
41177,2
39349,2
43897,0
44965,1
25749,2
14162,0
23883,1
14055,0
9781,1
21265,1
33496,1
207,1
43112,1
18263,1
34136,2
36956,1
4279,1
24678,1
30778,1
46128,1
39248,1
20820,0
45291,1
11858,0
14271,0
2089,1
26596,1
30819,1
13600,0
41060,1
789,1
4400,1
38170,1
28957,1
31972,1
31399,1
3043,1
30683,1
12170,1
32384,0
30134,2
10243,1
13158,1
13221,0
30195,1
31765,1
14820,1
32873,0
849,1
31263,1
16774,0
28403,2
25400,1
4630,1
25861,1
3814,1
42394,1
46317,1
47370,1
36244,1
21282,1
1830,1
29139,1
37405,1
23240,1
30678,1
11013,1
3625,1
24426,1
41909,1
12824,2
38961,1
9105,1
17050,2
11119,1
22953,1
45489,1
29298,1
35529,1
13640,0
15292,0
27498,1
8184,1
7299,1
15646,1
22173,0
18452,1
27349,1
23536,1
39953,1
10353,1
26366,1
4759,1
20015,0
2421,1
14722,1
11200,1
22790,1
32988,1
13856,0
19739,1
15501,0
26299,1
1599,0
19329,2
43782,1
36550,2
5044,1
27108,1
12013,1
42719,1
4304,1
12636,1
18099,1
26189,1
19183,1
12085,1
5696,1
24537,1
35386,1
32018,1
27950,1
19625,1
9171,1
37340,1
38240,2
43746,1
38895,1
45957,1
44723,1
25731,0
33851,1
25968,1
12667,1
16822,0
25119,1
16333,0
14480,0
44942,1
9428,2
46718,1
24736,1
46486,1
22261,0
20403,0
19975,2
9268,1
45534,1
45452,1
40863,1
4260,1
1050,1
33230,1
9317,1
5814,1
18449,0
26226,1
39920,2
44726,1
44902,1
14455,0
34189,1
28571,1
9690,1
27047,1
12299,1
17878,1
5229,1
20225,1
6252,1
30979,1
44402,0
30681,1
29132,1
42093,2
32372,1
47677,1
38306,1
44826,1
9265,1
46332,1
24094,2
20973,0
34792,1
4596,1
11960,1
1952,0
34292,2
35568,2
24705,1
6717,1
35567,1
12368,1
10783,1
47634,1
5753,1
21981,0
23681,1
16907,0
34472,2
25060,1
30415,1
21837,1
11916,1
10799,1
18468,1
2586,1
27900,1
34610,1
36222,1
32336,1
30705,1
35941,1
7108,1
17966,1
22787,1
45851,1
26719,1
14204,0
21124,1
5440,1
6452,1
37759,1
18337,0
7940,1
40726,1
43164,1
38118,1
47648,1
27077,1
16830,0
33570,1
21674,1
19336,1
47297,1
43122,1
4177,1
29254,1
46314,1
4566,1
15826,0
3153,1
7573,1
29899,1
15060,0
10850,1
41059,1
28678,1
14798,1
34081,2
11256,1
3594,1
26409,1
14914,0
25089,1
31875,1
12852,1
28696,1
45865,1
7431,1
22762,2
38486,1
3424,1
14564,1
18695,1
42070,1
20215,1
21982,0
42955,1
22446,0
26532,1
16789,0
28154,1
43152,1
3131,1
31057,2
34301,1
12348,1
35652,1
7052,1
47051,1
38454,2
16157,0
34587,1
8195,0
35273,1
18829,1
13663,2
40738,2
21932,0
5619,1
34079,2
9539,1
33486,1
26230,1
32110,1
35163,0
39113,2
10364,1
9352,1
24715,1
21739,1
39257,1
30787,1
19503,1
42089,1
40520,1
14606,1
7707,1
23180,1
46396,1
4842,1
9904,1
21730,1
7098,1
15053,0
8837,1
23669,0
33293,2
28246,1
128,1
36572,0
6171,1
1495,1
34465,1
22169,0
38786,1
24274,0
1896,1
40535,1
25887,1
798,0
13723,0
8946,1
35327,1
17242,0
17310,0
20636,0
41483,1
13710,0
36678,2
20032,2
24270,1
30468,1
30852,1
22999,2
32263,2
11944,1
31582,1
36020,1
981,1
15268,0
16573,1
10320,1
24143,1
9003,1
44034,0
23617,1
40299,1
20511,0
43886,0
39931,1
8264,1
6760,1
26453,1
2098,1
7022,1
13301,1
34663,1
31997,1
32912,1
46924,1
36561,2
7468,1
28334,2
5703,1
43387,1
9125,1
29208,1
38671,2
41516,1
31552,1
29539,1
11761,0
12118,1
38792,1
38100,2
43898,0
24016,1
40390,1
37468,2
8974,1
45074,1
40143,1
4113,1
42164,1
4360,1
29005,2
48597,0
44098,0
19983,0
827,1
3686,1
27058,2
36499,0
23977,1
7979,0
36921,2
38688,2
47746,1
48379,1
21813,0
5099,1
29226,1
12110,1
38062,1
5540,1
19812,1
27725,2
34353,2
3208,1
7885,1
8741,1
26787,1
9993,1
3221,1
29340,2
36217,1
0,1
42939,1
14968,0
16175,0
1536,1
44543,1
9725,1
47490,1
19206,2
20916,0
33871,1
17826,1
34542,2
8727,1
47736,1
30604,1
39554,0
12244,1
1508,1
17210,0
26457,0
33926,1
31836,1
33484,2
45171,1
47461,1
27065,1
28674,1
25713,2
5815,1
41952,1
19637,1
33131,1
41689,2
8545,1
44337,0
30499,1
47140,0
15777,1
35776,1
34945,0
42531,1
29376,2
13502,1
35716,1
43078,1
8199,2
47437,1
14057,0
44253,0
44851,1
9464,1
22089,2
13504,2
40987,1
15304,0
2442,1
45689,1
22698,2
25533,1
22128,0
2825,1
12515,1
20818,0
7066,1
22455,0
42381,1
47229,1
47458,1
19297,1
33934,1
9695,1
33313,1
6510,0
16705,0
11437,0
8620,2
719,1
37539,1
47220,1
38858,1
7607,0
29560,1
1669,1
35200,1
10041,1
40562,1
14524,1
25097,2
34560,1
8743,2
40133,1
33431,1
11085,1
9368,1
5361,1
26390,1
13858,0
30486,1
22814,1
38016,1
36697,2
12962,1
19037,1
23703,1
18376,1
29458,1
44043,0
8193,2
46868,1
43367,1
30163,1
32116,1
10433,1
33404,2
208,0
21391,1
41113,2
46228,1
195,1
11519,0
45684,1
18640,1
26527,1
13313,1
41090,0
995,1
5573,1
27981,1
34595,1
36212,1
4393,1
25901,1
39946,1
5160,1
42416,1
23297,0
28012,2
6493,1
10407,1
26866,1
25961,1
1726,1
6969,1
29285,1
5854,1
15183,0
28151,1
26910,1
33549,1
27022,1
37211,0
31491,1
18298,1
46106,1
45766,1
42566,1
13522,0
10928,1
38335,1
11134,1
16024,0
34304,1
965,1
9752,1
45612,1
17958,1
46843,1
13071,1
36442,2
39564,1
9030,1
29191,1
32659,1
13513,0
24827,1
30878,1
16841,0
25361,1
45706,1
389,1
22553,0
41836,1
27994,1
37332,1
43981,0
36404,0
18355,1
3575,1
28358,1
1920,0
42824,1
12302,1
27631,1
25745,1
13085,0
33076,2
26999,2
3161,1
20049,2
43962,0
43567,1
25716,1
20148,1
9620,1
7417,1
5222,1
30648,2
15165,0
32502,1
1782,1
39107,1
38104,1
17212,0
9267,1
28864,1
17642,0
10660,1
15913,0
25327,1
29360,1
41055,2
8651,1
5024,1
21550,1
22149,0
27458,1
23471,1
22923,1
19142,1
47793,1
26651,1
30934,2
17400,2
23390,1
21190,1
37730,1
11800,0
8766,1
40360,1
32883,2
36826,0
36827,1
39089,2
2392,1
47082,1
34268,1
18451,1
20042,2
41627,2
161,1
26896,1
23439,1
45909,1
4967,1
41484,1
8202,1
27674,1
39104,2
26080,1
32513,0
36883,1
36861,1
30080,1
30220,1
738,1
2444,2
39316,1
3360,1
14083,0
34265,1
1856,1
39643,1
7574,0
5351,1
6826,1
19072,1
23688,1
36957,1
48257,1
15691,1
19344,1
4197,1
11563,0
43080,1
26369,1
38892,1
46691,1
10599,1
13508,0
33111,2
34574,2
13686,1
14037,0
11507,0
38251,1
28127,1
1471,1
26482,1
20919,0
10891,1
20247,1
47972,1
33337,0
22415,1
33582,1
9958,1
21697,1
29572,1
6516,1
6812,1
33095,1
13500,2
1564,1
27281,1
29705,1
26711,1
3570,1
37780,1
6589,1
25644,1
20594,0
35020,1
43885,0
30815,1
4562,1
30632,1
7958,1
169,1
17583,0
20476,0
41806,1
38303,2
35643,1
358,1
15248,0
39796,1
34739,1
41357,2
32813,1
37079,1
4652,1
17849,1
7652,0
21046,0
36396,2
27686,1
33455,1
17201,0
45335,1
20087,2
22083,0
19919,2
38265,2
39397,1
29163,1
44138,0
10722,1
45748,2
47361,1
1604,1
38813,1
26993,1
7280,1
34874,1
16655,1
17342,1
10145,1
3318,1
34962,1
6676,1
47925,1
25766,1
3880,1
29190,1
39582,2
32463,1
18078,1
30313,1
42857,1
22518,0
1833,1
5286,1
12845,1
39644,1
15283,0
35315,1
29459,1
13140,1
35975,0
26318,2
37111,1
4416,1
39317,1
25142,0
11900,1
34413,1
24867,1
9638,2
32784,1
42122,1
41442,1
6068,1
33831,1
22101,0
43946,0
26494,1
39969,1
9732,1
25109,1
6003,1
21317,1
48645,1
38360,1
16161,0
27090,1
15196,0
17294,0
28637,2
48210,1
13899,0
43422,1
15011,0
28802,1
12100,1
20405,0
21832,1
33781,1
39776,1
21855,1
37908,1
40865,1
28215,1
4295,1
13518,0
32077,1
2623,1
11543,0
38719,1
21631,1
11218,1
14866,0
13226,2
11518,0
6383,0
3763,2
23627,1
6704,1
35597,1
32199,1
10262,1
45106,1
48551,1
825,0
2431,1
860,1
34711,1
38197,1
47546,1
44404,0
10786,0
2783,1
20484,0
40727,1
47359,1
37720,1
45515,1
43604,1
47292,1
20189,1
36038,1
17768,1
16686,0
33845,1
28049,2
44389,0
10498,1
5354,1
31627,1
41293,2
44889,1
2170,2
31327,1
29894,1
10278,1
38798,1
47179,1
45718,1
525,0
19544,1
751,1
3558,1
20001,0
46835,1
5648,1
25555,2
24935,1
14038,0
38707,2
3948,1
23652,1
32718,1
10513,1
27186,1
39031,1
10167,1
18259,1
46138,1
38722,0
33818,1
5752,1
7670,0
6157,1
46516,1
23646,0
43099,1
3942,1
12481,1
28395,1
24100,1
17986,1
35742,1
19815,0
10772,1
35960,2
21559,1
34540,1
10791,1
40297,1
575,1
43442,1
45060,1
47528,1
6751,1
23158,2
1433,1
34289,1
20886,0
30724,1
4029,1
23263,1
29028,1
35821,1
6645,1
34664,1
6207,1
9698,1
30005,1
29850,1
482,1
41412,0
30735,1
5364,1
5394,1
3483,1
47554,1
586,1
17327,0
31393,1
35428,0
29884,1
25926,2
17856,1
30688,1
33206,0
46105,1
25469,1
41495,1
44717,1
46546,1
33990,1
9261,1
25445,1
31918,0
42896,1
23540,2
43072,1
19648,0
36964,1
15362,0
27125,1
30982,1
14211,0
8920,1
10981,1
15496,0
31766,1
30768,1
25229,1
9880,1
20325,2
3927,1
12238,1
20005,2
31155,1
6295,1
4784,1
26229,1
42353,1
30798,1
27847,2
11749,0
13442,1
46453,1
5086,1
22715,1
6581,1
45639,2
42971,1
20899,0
32651,1
24652,1
12968,1
14105,0
21085,0
7557,1
7848,1
34653,1
5121,1
16976,0
24640,1
46308,1
23748,1
47550,1
14424,0
2736,1
12647,1
192,1
25754,1
766,1
25541,1
19357,1
32636,1
7521,2
6889,1
20057,2
11258,1
40110,2
18401,1
38555,1
18822,1
40710,2
13629,2
10982,1
29703,1
26930,1
20917,0
8674,1
37,0
29620,1
25146,1
8218,0
41969,1
1242,1
31422,1
11231,1
43687,2
33585,1
5598,1
17852,1
16455,0
1138,1
2973,1
7702,1
25213,1
45371,1
24362,1
47944,1
48331,1
38390,2
46644,1
45742,1
38975,1
22914,0
7364,1
10676,1
7735,1
2449,1
44817,1
13818,0
45337,1
21165,1
26112,1
365,1
39897,1
10659,1
28323,1
42904,1
1998,1
23244,1
28055,1
36025,1
12939,1
1401,1
31688,1
28730,1
41517,2
40406,1
5387,1
35344,1
13602,0
1579,1
33476,1
41959,1
17171,0
17094,1
43888,0
22191,0
22135,0
14897,0
31412,1
3187,1
38881,1
34045,1
20561,0
1668,1
42106,1
32964,1
4076,1
44947,1
46426,1
39249,1
853,1
27824,1
23215,1
16407,0
42464,1
29747,1
17373,1
28563,1
7060,1
30167,1
27962,1
36757,0
11654,0
37602,1
2539,1
29659,1
19495,1
298,1
23957,1
16479,0
32485,1
46109,1
2838,0
33180,1
9577,1
31760,1
14146,0
27185,1
4424,1
21070,0
28538,1
48396,0
6163,1
33619,1
38431,1
14099,0
3468,1
40216,1
1428,1
3104,1
16125,0
15072,0
26914,1
40180,1
30837,1
18498,0
27075,1
43327,1
35521,1
41230,1
27786,1
44478,1
896,1
48415,0
33830,1
5126,1
4264,1
41904,1
1033,1
5224,1
31004,2
9831,1
2193,1
11068,1
14607,1
35902,1
38196,1
30687,2
36453,2
48679,1
44588,1
22817,1
6767,1
40860,0
27970,1
35094,1
11959,1
45807,1
10380,1
46811,1
38926,1
5767,1
25572,2
39417,1
497,1
38657,2
8958,1
15238,0
39333,1
43089,1
6015,1
19842,1
47498,1
3013,1
21578,1
14597,1
33190,1
12994,1
19305,0
18375,2
21912,0
32223,1
33134,2
42845,1
34694,1
39735,2
4506,1
22081,0
33126,1
11785,0
1041,0
4475,1
6178,1
43185,1
45747,1
1763,1
44533,1
30010,1
45038,1
42699,1
19774,1
6466,1
38143,1
5018,1
45777,1
38362,1
38653,2
27774,1
20936,0
35520,1
2244,1
17672,0
13869,0
25852,1
22986,1
32413,1
19300,1
28964,1
39747,1
10657,1
36599,0
18025,1
4298,1
38162,1
25294,1
47962,0
11757,0
5439,1
43633,2
19676,1
9145,2
22448,0
40890,1
17272,0
18289,1
25602,1
10355,1
7791,1
48119,2
13227,2
38033,1
45958,1
2482,2
9646,1
25585,1
29660,1
40559,1
13763,0
42358,1
8249,2
46401,1
12557,1
6603,1
4607,1
31003,1
25276,1
13826,0
15143,0
37352,1
25356,1
22776,1
45985,1
46316,1
40198,1
11542,2
400,0
23432,1
32663,1
18632,1
2409,1
29344,1
37995,1
2500,1
25818,1
116,1
34397,1
3106,1
29663,1
5312,1
5246,0
30176,1
32526,0
11680,0
8993,1
33281,1
30078,2
939,1
17593,0
7897,1
17561,2
27242,1
2786,1
34899,1
683,1
16896,0
8924,1
18765,2
33235,1
12489,1
35061,2
26167,1
8167,1
26029,1
9256,1
27477,1
14273,2
4807,1
16710,0
20115,2
9598,1
37505,1
30512,1
21276,1
21508,1
31814,1
22588,0
47255,1
41316,1
18771,1
20073,0
31985,1
6432,1
7774,1
47678,1
37452,1
18122,1
48356,1
44329,0
29016,1
18015,1
36516,0
25547,1
37245,1
7797,1
13837,0
21064,0
14754,1
47900,1
20033,2
47223,1
44112,0
20894,0
9846,1
8378,1
38551,1
47943,1
962,1
5113,1
16680,1
10079,1
47072,1
39826,1
44998,1
31067,1
38836,1
28978,1
2221,1
28355,2
456,1
19324,1
28757,1
24490,1
6546,1
17382,1
10386,0
31246,1
28165,1
26089,1
2294,1
32047,1
19872,1
36872,1
31279,1
35561,1
29590,1
33529,1
7998,1
21967,0
40506,1
7712,1
35116,1
27773,2
8709,1
41812,1
16202,1
24379,2
12788,1
546,1
3489,1
3528,1
6637,2
6817,1
8210,2
4163,1
14144,0
22062,0
9890,1
2513,1
26751,1
34156,1
22750,1
9765,1
41873,1
563,1
40591,1
5568,1
29212,1
32493,1
18678,1
9000,0
22674,1
35445,2
27439,1
18790,1
43094,1
22398,1
34640,1
12554,2
16749,0
30022,1
31623,1
24630,2
36801,2
19243,1
17313,0
21818,1
38940,2
21547,1
12862,1
40,0
39250,1
13466,2
30364,1
29251,1
3647,1
5124,1
37707,1
47279,1
29995,2
6508,1
40145,1
36350,2
29316,1
33282,1
2483,1
29971,1
10006,1
8306,1
25193,1
25403,1
17769,1
23545,1
36906,1
43902,0
15599,0
38094,1
47053,1
16053,0
46750,1
40623,1
28010,2
29682,1
46247,1
29712,1
40629,1
19869,0
24643,1
37564,1
36123,1
28566,1
8049,1
24250,1
31605,1
21185,0
24269,1
32063,1
29770,1
46599,1
12191,1
46427,1
36813,2
5651,1
26074,1
21514,1
32946,1
28065,1
282,1
36823,1
31424,1
47783,1
13536,0
18774,1
34988,1
3376,1
5974,2
24050,1
24391,1
13483,0
20861,0
40181,2
8558,1
5186,1
16860,0
16493,0
34431,2
5046,1
33104,1
48464,0
26348,1
19664,2
20881,0
38642,2
33449,1
4401,1
45993,1
5546,1
7020,1
24657,1
5738,1
34775,1
47975,1
15241,0
6072,0
48591,1
30734,1
10910,1
7910,0
22055,0
25509,1
35142,1
33692,1
35160,1
40942,2
29077,1
44545,1
44451,0
32536,1
11884,1
31882,1
11813,0
36903,1
48573,1
20677,0
30180,1
25431,1
4723,1
30477,1
3632,1
24787,1
5497,1
32576,0
45848,1
46887,1
30719,1
16906,0
67,1
28218,1
5745,1
29113,1
13877,0
43457,1
37958,2
22266,0
9625,1
23094,2
10317,1
48042,1
21339,1
26733,1
14632,0
30142,2
34327,1
32437,1
25174,1
25267,2
28124,1
23951,2
44315,0
8187,2
23078,1
47323,1
34208,1
9503,1
32876,2
46498,1
6576,1
42037,1
11479,0
17781,1
6260,1
25506,1
37761,1
26354,1
21595,1
23395,1
4355,1
7224,1
38529,2
10623,1
47971,1
33082,1
27184,1
3343,1
11977,1
6580,1
44280,0
45994,0
44032,0
3712,1
34920,1
33988,1
33749,1
34554,1
32439,1
40743,2
3798,1
33432,1
26639,1
5034,1
46649,1
10183,1
18106,1
16724,0
36047,1
16515,0
36455,2
48598,1
19059,1
28006,1
29421,2
34118,2
37151,2
7377,1
4386,1
26502,1
1930,1
27404,2
24651,2
44358,0
9476,1
19194,1
11255,1
8840,1
45075,1
29206,1
5125,1
20564,0
35097,1
26268,1
22798,1
15455,0
46893,1
27454,1
15568,0
43502,1
48185,1
1725,1
28527,1
43233,1
43516,1
7920,1
1944,1
7833,1
39101,1
41877,1
637,1
33464,1
21990,0
28847,2
28415,1
1877,1
48076,1
3458,1
29913,1
45316,1
32418,1
6202,1
13123,1
27359,2
40758,1
2827,1
2985,1
7562,1
20571,0
21231,1
39853,1
2164,1
12199,1
22450,0
8786,1
5196,1
36281,2
29438,1
9411,1
23815,1
762,1
18815,1
35348,1
38153,1
38515,1
44433,0
28050,1
16970,0
31126,1
23205,2
16900,0
46906,1
14117,0
30446,1
44284,0
44000,0
13862,0
6291,1
5389,1
43400,1
33157,1
23682,1
11840,0
26382,1
40226,1
20971,0
4014,1
27467,1
423,2
32614,2
17557,0
29272,1
14631,1
13935,0
1532,0
2816,1
24603,1
28952,2
45996,1
4359,1
24731,2
22696,0
21052,0
33915,1
26893,1
47248,1
44243,0
45903,1
41865,1
22279,0
19927,2
6469,1
17982,1
44892,1
16097,0
38039,1
7371,0
13369,1
8822,1
28640,1
27577,1
48099,1
12066,1
2546,1
36706,1
45306,1
11235,1
15305,0
13425,1
9602,1
32921,1
13177,1
4575,1
28803,1
39352,2
16304,0
10905,1
4829,1
36379,1
10966,1
29944,1
47460,1
19246,1
35369,1
1882,1
46767,1
22382,1
31074,2
31046,1
3229,1
4487,1
5422,1
47183,1
39749,1
33679,1
16566,1
10680,1
25687,1
19591,1
5723,1
29573,2
43956,0
33183,1
45642,1
1855,1
7699,1
36897,1
34769,1
31201,2
6686,1
33758,1
45850,1
45354,1
9633,1
39325,1
10089,1
31785,1
31531,1
38629,1
37855,1
40309,1
11913,1
41705,1
32968,1
32805,0
14119,0
13383,1
25641,0
21222,1
8247,2
20656,0
8750,1
37421,2
22145,0
40553,1
10642,1
34932,1
24997,1
45749,1
35697,1
38352,1
40907,0
44294,0
31516,0
28401,2
34889,1
197,1
33209,0
47513,1
20651,0
45195,1
42184,1
8672,2
17352,1
33479,1
7076,1
45721,1
18958,1
8814,1
13660,2
31232,1
10889,1
17271,0
34259,1
35639,1
2320,1
9992,1
23305,1
36881,1
9557,1
5132,0
34448,1
34344,2
32347,2
7141,1
10541,1
15431,0
45538,1
5356,1
40799,1
38702,0
991,1
24811,1
44384,0
8381,1
38732,2
12452,1
13774,0
18176,1
3844,1
18712,1
16227,1
32600,0
34002,1
26927,2
22282,0
1664,1
23948,1
20996,0
47854,0
35122,1
12625,2
32850,2
21685,1
23021,1
17444,2
36063,1
21868,1
39294,1
4433,1
40129,1
5094,1
29559,2
18785,1
18801,1
3519,1
1760,1
37445,1
25454,1
1593,1
272,1
11333,0
8536,2
31216,1
10898,1
1636,1
17924,1
24420,1
36911,1
28032,2
28277,1
9842,1
30369,1
41414,0
3885,1
19060,1
9636,1
12693,1
29959,0
26631,1
20064,2
31433,1
2564,1
35198,1
6299,1
45344,1
43513,1
14966,0
22339,1
3642,1
37755,2
4334,1
39579,1
32213,1
36218,1
15868,0
36848,1
25426,0
28270,2
20513,0
45304,1
46824,1
717,1
33434,1
2323,0
9843,1
9632,1
24383,1
46839,1
1369,1
16360,0
43261,1
47926,1
21610,1
33508,1
19140,1
15667,1
21088,0
1493,1
37887,1
15724,1
16195,1
2977,1
40024,1
19469,1
33925,1
45667,1
3973,1
2300,1
8361,1
22287,0
11746,0
29182,1
48196,1
20178,1
15595,0
16117,0
4420,1
9982,1
22499,0
11019,1
33950,1
10047,1
47166,1
13169,1
46850,1
40990,2
23144,1
37612,1
22766,1
27284,1
7113,1
6796,1
47046,1
25383,1
2289,1
47231,1
29669,1
2408,1
29207,1
20693,0
12568,1
40321,1
30463,1
3175,1
38716,1
25375,2
27382,1
34824,2
19280,1
30397,1
39840,0
17158,0
21281,1
22572,0
14355,0
7859,1
38493,1
32893,1
44287,0
33059,1
39380,2
25153,1
34271,1
13793,0
43881,0
30102,2
16503,0
34875,1
33575,1
18795,1
11112,1
36607,2
41772,1
15628,0
48122,1
2248,1
23489,1
4711,1
36537,2
2129,1
41247,1
39529,2
37344,2
35103,2
13867,0
37524,0
1786,1
13196,1
1522,1
16393,0
4535,1
15174,0
2806,1
8102,1
28321,2
47877,1
31394,2
26811,1
1993,1
1809,1
11700,0
1960,1
22538,0
886,1
8662,1
34965,2
35865,1
18568,1
45990,1
28891,1
48473,1
4025,1
16054,0
24735,1
16748,0
1703,1
41914,1
42019,1
21385,2
14078,0
28241,2
8579,1
9347,1
28960,1
2240,1
505,1
3199,1
581,1
4367,1
38420,2
19019,1
34939,1
28502,1
37614,1
14922,0
21936,0
2920,1
42057,1
22039,0
43463,1
1575,1
44616,1
34938,1
15177,0
24567,1
25780,1
36194,1
5720,1
26245,2
754,1
10376,1
36279,1
20909,0
29904,1
41907,1
42611,1
48481,0
13195,1
46417,1
47984,1
26391,2
18139,1
20912,0
18296,1
27206,1
487,1
9733,1
37276,1
16063,0
44605,1
4591,1
8040,1
17368,1
9583,1
17941,1
6461,1
28625,1
32491,1
33745,1
18072,1
19606,1
1463,1
18647,1
2755,1
41706,2
25249,1
22217,0
30991,2
45376,1
13543,2
9444,1
20525,0
25549,2
48186,1
34822,1
35722,1
37608,1
27278,1
35030,1
22583,0
47679,1
26989,1
1766,0
31330,1
8372,2
4236,1
15796,0
36979,1
40763,1
1145,1
28574,1
26270,2
17859,1
19255,1
32518,1
42042,1
25399,2
26510,1
15414,0
35947,1
3085,1
23550,0
1859,1
21557,1
32345,1
17361,1
32899,1
38204,1
38953,1
33765,1
7143,1
22164,0
17070,0
34328,1
6279,1
35454,1
17670,0
42277,1
27572,1
36778,1
39961,1
8485,2
26241,1
40806,2
14600,1
32738,2
10478,1
40958,2
26511,0
48025,0
42667,1
29468,1
44835,1
11444,0
24314,1
16163,0
23377,1
35964,1
9685,1
21365,1
21355,1
1073,1
20982,0
2636,1
6989,1
20582,0
47099,1
39838,1
40215,1
34302,2
42809,1
20777,0
47036,1
26971,1
7,1
39432,1
46183,1
36983,1
42786,1
25048,0
34582,1
43158,1
32678,1
186,1
25872,2
4392,1
10587,1
35264,1
8886,1
386,1
24195,1
2976,1
9512,1
44631,2
34539,1
12995,1
22001,0
32230,1
20809,0
11083,1
26864,1
25200,1
37193,1
19751,1
7161,1
11379,0
20964,0
27318,1
40513,1
40898,1
11295,1
22156,0
5910,1
26679,2
39279,1
32712,1
10306,1
19008,1
44629,1
47497,1
47611,1
32009,2
45703,1
14516,2
6393,1
20367,0
42080,1
21840,1
5379,1
9184,1
38129,1
7569,1
18942,1
21709,1
46166,1
5255,2
34972,1
33152,1
5316,1
15205,0
33812,1
20555,0
20180,1
34003,1
46999,1
34910,1
29067,1
18027,1
17297,0
29117,1
14943,0
26239,1
548,1
865,1
44991,1
39661,1
17337,1
25206,1
32684,1
30853,1
720,0
5184,1
47152,1
22514,0
32816,1
14203,0
22647,1
16871,0
429,1
16499,0
45750,1
11095,1
28902,1
5462,1
8255,1
31337,1
21011,0
30339,1
42646,1
13590,1
33801,0
690,1
25993,1
44956,1
23657,1
42130,1
24514,2
21284,1
26983,1
651,1
1964,1
28158,1
759,0
4061,1
2899,1
2621,1
479,0
43579,2
13718,0
40801,2
21596,2
23019,1
9183,1
13748,0
96,1
39260,1
13562,1
26580,1
47040,1
20598,0
8850,1
31893,1
20231,1
43759,1
32467,1
45284,1
30270,1
21806,1
25216,1
24206,1
22336,0
11576,0
5530,1
4703,1
5838,1
28742,1
44727,1
19424,1
11297,1
20267,0
37517,1
3618,1
22864,1
16449,0
11663,0
28534,1
43708,1
33267,1
16189,1
21691,1
32061,1
8072,1
27988,1
24744,1
46658,1
20046,0
1946,1
46073,1
27974,1
29094,1
32447,1
28180,1
27518,1
28456,1
9178,1
1232,1
1718,0
26394,1
44691,1
21984,0
24992,1
33181,1
11315,1
27549,2
36216,1
48179,1
35664,1
31396,1
38165,1
12969,1
23066,1
47574,1
14702,1
43260,1
42808,1
22888,2
46369,1
6317,1
46363,1
4205,1
11874,2
48637,1
5244,1
47664,1
32069,1
37646,2
7196,1
1036,1
35637,1
9016,1
21439,0
27796,1
27588,1
37567,1
42998,2
22712,1
8223,2
6496,1
42111,1
39997,1
30506,1
11191,1
11590,0
48261,1
6746,1
1518,1
15208,0
27447,1
35291,1
43289,1
14104,0
15545,0
19731,1
33222,1
21516,1
43027,1
9684,1
28437,2
18202,1
23798,2
6559,1
43700,1
46704,1
19968,0
35260,1
17030,2
14220,0
32142,2
1917,1
44607,1
43428,1
11137,1
16337,0
36793,2
2707,1
10458,1
21860,1
22054,0
31556,1
45496,1
17429,1
31975,2
11412,0
12627,1
6986,1
9945,1
44576,1
23433,1
11531,0
11216,1
19923,2
8489,0
28737,1
26361,0
38587,1
187,0
30920,2
3446,1
35875,1
23833,1
17965,1
36204,1
47224,1
28016,1
3381,1
5090,0
27785,1
19988,0
40151,1
39818,1
13736,0
37200,1
16699,0
28059,1
45978,1
6048,1
39448,2
29424,1
10301,1
16294,0
5221,1
14254,0
9384,1
44628,1
23393,1
32016,1
44245,0
38583,1
42559,1
42194,1
43580,1
28333,1
43645,1
28470,2
23942,2
17260,0
10163,1
20559,0
8081,2
13081,1
26832,1
36786,2
28210,1
16404,0
11668,0
40160,1
17574,2
11947,1
6463,1
30012,1
41272,1
12646,1
45840,1
22342,1
2401,1
46176,1
1805,1
12863,1
7275,1
6309,1
1539,1
17090,1
38435,1
27926,1
18952,1
6348,1
14712,1
43715,2
40468,2
32376,1
41965,1
2257,1
3136,1
43417,1
14153,0
37292,1
16950,0
32034,1
34734,2
12157,1
26917,1
13982,0
46357,1
48057,1
4760,1
6046,1
44807,1
11718,0
37913,2
17037,0
6038,1
38323,1
44711,1
13827,0
32041,1
17816,1
17515,1
35978,1
32406,1
9651,2
12679,1
17011,0
433,1
9674,1
34312,1
18353,1
18002,0
39185,1
541,1
37591,1
1135,1
13267,1
44246,0
45070,1
40114,1
29601,1
4971,1
6276,1
7253,1
18441,2
12092,1
26521,1
30225,1
36197,1
33729,1
48543,1
32182,1
3065,1
21955,0
14568,1
37069,1
24138,1
18549,2
45963,1
43630,1
4101,1
19144,1
4589,1
26909,1
27320,1
23907,2
5891,1
46597,2
27591,1
6144,1
7544,2
8243,2
23970,1
28019,1
34917,1
19118,1
5795,1
11289,1
27231,1
40282,1
28087,1
5638,1
38917,1
14527,1
12230,1
4848,1
23091,1
33423,1
34834,1
21614,0
10393,1
5116,1
4339,1
43053,1
24654,2
20629,0
24706,1
13468,0
29923,1
48445,1
34890,1
26699,1
46791,1
32007,1
39793,1
23199,1
45485,1
19451,2
23939,1
18442,1
10957,1
19570,1
36260,2
41081,1
10130,1
11775,0
44327,0
17180,0
22803,1
21699,1
44495,1
10286,1
30967,1
27859,1
952,1
19563,1
36717,0
31732,1
19680,1
5742,1
8487,2
20515,0
42818,1
45640,1
25970,1
43006,1
30366,1
45871,2
18908,1
41407,1
24209,1
43225,1
39327,1
12032,1
9344,1
794,1
30165,1
672,1
33016,1
46371,1
33298,1
40776,0
31994,1
24121,1
7193,1
39588,2
9488,1
7595,1
45383,1
18590,1
33760,1
30791,1
45690,1
26078,1
46748,1
35109,1
27719,2
14628,1
42516,1
5434,1
599,0
18751,1
29084,1
4408,1
14331,0
27778,2
43820,2
1790,1
31680,1
13792,0
28075,1
45377,1
22866,1
28612,1
40654,1
42363,1
48466,1
40326,1
6460,1
37042,1
48651,1
46149,1
41298,1
3396,1
28529,1
3236,1
36536,2
40103,1
47856,1
5299,1
23658,0
27277,2
23329,2
40644,2
7951,1
46952,1
13287,2
17421,2
29848,1
24105,1
33735,1
23069,1
20700,0
47909,1
3088,1
35485,1
47829,1
9240,1
25224,1
25444,1
18098,1
4405,1
27921,2
42342,2
13308,2
24975,2
7204,1
16282,0
32246,1
19317,1
48547,1
18392,2
15479,0
2909,1
7606,0
31028,1
3443,1
2082,1
38796,1
12042,1
17728,1
1080,1
3116,1
7548,1
7082,1
3656,1
30725,1
36447,2
36029,1
28311,1
38717,1
45148,1
7473,1
39490,1
964,1
14352,0
1330,1
5641,1
37356,2
10138,1
28670,1
6551,1
2101,1
9194,2
23143,1
46642,1
35989,0
3557,1
31658,1
8707,1
3195,1
7883,0
38640,1
3332,1
47685,1
6308,1
8877,1
26025,1
13036,1
45691,1
29329,1
16671,0
23671,1
43197,1
17866,0
26608,1
32030,1
8160,1
18430,1
4755,1
47863,1
19934,0
48169,1
29758,1
4614,1
42997,1
37183,2
16444,0
42608,1
43877,0
45575,1
36125,1
11012,1
11250,1
26886,1
33954,1
18351,1
25976,1
14125,0
14833,1
17946,1
28217,1
15094,0
22990,2
15939,0
8513,2
26066,2
19684,1
16445,0
40766,0
40760,1
14229,0
16580,2
33093,1
15344,0
22671,1
14175,0
833,1
34306,1
47533,1
15742,1
43648,2
3141,0
12488,1
41783,1
24432,2
46262,1
7928,1
26980,1
44083,0
47084,1
36751,0
33939,0
23849,1
1506,1
33375,1
44789,1
3305,1
9607,1
17257,0
2704,1
42011,1
45469,1
21322,1
37310,1
39389,1
26498,2
24311,2
37155,1
40856,1
25903,2
10032,1
3968,1
7703,1
34555,1
8810,1
35711,0
5721,1
43806,2
39086,1
30291,2
20970,0
9475,1
26128,1
30260,1
37008,1
21114,1
26447,1
24623,1
30441,1
7229,1
25227,1
20536,0
1361,1
1237,1
26088,1
47778,1
38643,0
12717,1
44788,1
16055,1
11464,0
45569,1
29228,1
39895,1
23464,1
33835,2
24006,1
2829,1
14678,1
16120,0
37324,0
47482,1
1827,1
16212,2
9221,1
25515,1
10184,1
35367,1
27506,1
3515,1
46066,1
1949,1
16141,0
17105,1
617,0
45982,1
45373,1
21267,2
25739,2
44931,1
28411,1
19729,1
42356,1
20994,0
28533,1
44007,0
24017,2
48151,1
37022,1
3598,1
43341,1
47472,1
24644,1
46719,1
8995,1
14686,1
40966,1
9234,1
46116,1
989,1
46341,1
17283,0
35334,1
31336,2
36972,2
32250,1
945,1
36545,2
42541,1
44481,1
15917,0
23284,2
45126,1
47061,1
12140,1
3099,1
24116,1
27163,1
44654,1
3774,1
38000,2
23344,2
28677,1
16305,0
1334,1
35206,2
900,1
13717,0
5235,1
6674,1
9470,1
19046,1
27353,1
31139,1
18372,1
11719,0
37531,1
22916,1
17685,0
38003,1
34125,2
48576,0
45245,1
17564,0
10194,1
16374,0
31682,1
11669,0
3945,1
32000,1
11046,1
47526,1
3730,1
39170,1
39666,1
39948,1
19171,1
41300,1
15147,0
4229,1
27450,1
18144,2
18125,1
43008,1
45552,1
1202,1
3727,1
7042,1
12174,1
3514,1
9198,1
11578,0
23857,1
15649,1
7767,0
5529,1
6682,1
47637,1
48438,1
17021,1
38927,2
5144,1
43558,2
3576,1
32981,1
43894,0
29741,1
8769,1
48584,1
21112,1
41549,0
38779,1
2703,1
37791,1
27238,1
28923,1
44830,1
28753,1
42175,1
6919,1
33268,1
3096,1
36200,1
24110,1
47920,1
1617,1
46155,1
38054,1
17108,1
32847,1
19499,1
30992,1
3840,1
16782,0
10486,1
44556,1
42487,2
2050,1
44916,1
11301,1
41595,2
8551,1
993,0
37851,1
43401,1
32114,1
11980,1
30619,1
35080,1
20581,0
29606,1
26688,1
16342,0
28106,1
11610,0
11044,1
8869,1
44665,1
18280,1
38203,1
41545,0
24892,1
11767,0
29833,1
16792,0
26568,1
33270,1
21947,0
34214,1
5179,1
27487,1
13573,0
3418,1
4828,1
15651,1
24675,1
45470,1
42983,1
46402,1
43404,1
31089,1
7720,1
36850,2
8375,1
18934,1
18464,0
31865,0
41045,1
33023,2
35860,1
27698,1
9007,1
43215,1
23266,1
25880,1
2617,1
35650,1
17398,1
35911,2
13713,0
19328,1
15128,0
31219,0
26454,0
5202,1
24476,1
40847,1
38199,1
37917,1
31030,1
38518,1
36395,0
20447,0
34445,1
9069,1
36762,2
13742,0
28196,1
12997,1
4445,1
27060,1
41913,1
619,1
29308,1
47443,1
2735,1
19192,1
7462,0
48548,1
34366,1
650,1
14218,0
39264,1
7911,0
28200,1
38511,1
29940,1
34071,1
20420,0
24479,1
21748,1
35337,1
47640,1
7107,1
18909,1
16628,1
14506,0
44445,0
48048,1
2031,1
41566,1
8912,1
26264,1
9296,1
6166,1
27280,2
38787,2
13134,1
39612,0
40723,2
15395,0
31888,2
1147,1
45424,1
6194,1
41220,2
27006,0
39200,2
9928,1
33933,1
3215,1
22691,1
35137,1
26353,1
40593,1
34357,1
23177,1
34293,1
41095,1
20411,0
22260,0
35013,1
16052,0
38825,1
12171,1
47838,1
10504,1
37053,1
4023,1
42193,1
38899,1
28616,1
45320,1
25123,2
1274,1
37007,1
46206,1
44200,0
5871,1
12909,2
39347,1
1815,0
37147,1
10570,1
35480,2
33907,1
41153,1
6123,1
15622,0
15322,0
16335,0
3275,1
32165,1
47398,1
41385,1
47433,1
7812,1
9410,1
15831,0
17448,1
22797,1
42382,1
38558,1
37019,1
46539,1
14462,0
19173,1
23589,1
6878,1
37924,0
29101,1
18023,1
48006,1
19384,1
40229,1
30788,2
20906,0
22810,1
24024,1
48469,1
28089,1
30500,1
44962,1
4300,1
9936,1
28225,1
15822,0
45852,1
15064,0
33842,1
2404,1
33302,1
47383,1
33784,1
13198,1
11492,0
26364,1
3244,1
3715,1
18205,1
37015,1
44305,0
42267,1
16405,0
24944,1
5948,1
43321,1
13165,1
1818,1
4366,1
14780,1
37194,2
12372,1
40153,1
32881,2
22705,1
27342,1
34879,1
4910,1
8296,1
1376,1
37816,1
6933,1
48349,1
41061,1
16293,0
38977,0
14674,1
30842,1
47057,1
15014,0
23005,2
30110,1
41197,0
37483,2
46517,1
44426,0
31368,1
5589,1
15365,0
47999,1
5345,1
21443,0
44419,0
3888,1
17316,0
28953,2
7921,1
27689,1
38137,1
40959,0
437,1
44493,1
47187,1
3190,1
43961,0
5978,1
32313,0
23573,2
44318,0
18010,1
15027,0
25178,1
19832,1
7435,0
18118,1
30946,1
455,0
35551,1
26275,1
37309,1
33534,1
13874,0
39386,1
42817,1
30661,1
32682,1
29630,1
41561,1
38015,1
4176,1
43407,1
42285,2
9225,1
28288,1
45127,1
46095,1
48275,0
9979,1
35759,2
40652,1
10245,1
35999,1
1829,1
27112,1
24489,1
48367,1
34437,1
33274,1
21607,1
3832,1
16158,2
2830,1
7296,1
48203,1
35153,1
11375,0
4313,1
38951,2
14582,1
7854,1
32387,2
35549,1
20387,0
29555,1
14783,0
5883,1
33694,1
19576,1
25434,1
41037,1
2895,1
540,1
30210,1
13584,1
36214,1
18648,1
25318,1
40258,1
31951,1
11699,0
1448,1
44393,0
2683,1
17828,1
40053,1
32151,1
46244,1
46374,1
30488,1
24918,1
9758,1
38222,1
26883,1
21198,1
13431,0
19068,1
44277,0
16595,1
31472,1
41620,2
3955,1
20436,0
16027,0
16691,0
17566,0
44053,0
35399,1
35580,1
30581,1
47217,1
38954,1
22979,1
9873,1
19159,1
32579,2
4792,1
37331,1
11737,0
35904,1
47786,1
31022,1
43949,0
36362,2
26165,2
3540,0
481,1
7560,1
9740,1
21924,0
19268,1
3920,1
31749,1
22429,1
20444,0
14882,0
6620,1
26801,1
18505,1
47827,0
44298,0
32423,1
9745,1
42034,1
47789,1
13992,0
1824,1
1912,1
10098,1
8217,0
44161,0
39886,1
34912,1
38287,1
2095,1
44831,1
28526,1
17069,0
27960,1
25211,1
34908,2
48108,1
39146,0
9944,1
21295,2
648,1
24914,2
1426,1
38439,1
5612,1
13076,1
3040,1
11167,1
10451,1
44073,0
35778,1
23413,1
34955,2
42599,1
17582,0
39649,1
26023,1
35365,1
20708,0
502,1
17394,1
11153,1
15912,0
44686,1
27267,1
27457,1
19201,1
11730,0
4136,1
47280,1
40162,1
7188,1
3709,1
21765,1
14239,0
2324,1
31923,2
41926,1
31380,1
47616,1
24128,1
42568,1
46695,1
34779,1
44555,1
3404,1
14244,0
9553,1
45885,1
37066,2
21908,0
36666,1
40748,0
36155,1
6409,1
30933,1
38263,1
23607,1
25303,1
22605,0
13161,1
19021,1
18214,1
1383,1
42631,1
32037,1
33870,1
32494,1
17354,2
32352,1
31674,1
22608,0
48452,2
39600,1
28519,1
41284,1
37817,1
11388,0
43240,1
40388,1
26638,1
32962,1
4785,1
31834,1
12030,1
35595,1
3522,1
16277,0
41546,0
34772,2
15884,0
47636,1
14447,0
31840,1
25951,0
26970,1
22535,0
20011,0
43750,1
37044,1
3206,1
44680,1
23904,1
33320,2
22894,1
14404,1
34219,1
47934,1
18536,1
48397,1
18941,1
46413,1
39410,2
34463,1
39999,1
37776,1
17846,1
47584,1
10773,1
644,1
1596,1
41066,2
31,1
10812,1
30743,1
12812,1
33169,1
5318,1
16916,0
32211,1
36505,2
13712,0
6543,1
44400,0
29600,1
47832,1
3021,1
17710,1
15508,0
36027,1
42448,1
21126,1
38073,0
13072,1
44464,0
25357,1
37440,1
11142,1
6075,1
32259,1
14770,1
41255,1
18169,1
4864,1
25270,1
37384,1
6209,1
4470,1
42202,1
3562,1
27081,1
22383,2
37631,1
7399,0
17422,1
14865,0
36105,1
11777,0
6148,1
31183,1
18724,1
38188,1
10879,1
14219,0
24646,1
47511,1
2978,1
24488,1
1366,1
5643,1
33850,1
21778,1
11254,1
47396,1
19365,1
10908,2
45097,1
16613,1
8746,1
22631,0
25751,1
31738,1
10352,1
5885,1
14718,1
42943,1
41485,1
4010,1
8288,1
21949,0
31725,1
14625,1
3684,1
6368,1
20955,0
26664,2
36048,1
36118,1
24681,1
654,1
45163,1
34381,1
47215,1
15172,0
13574,1
24252,2
25714,1
37232,1
6384,1
34439,1
31810,0
21479,1
18939,1
41979,1
20705,0
39553,0
13106,1
16389,0
36008,2
14217,0
6511,1
46190,1
47212,1
15341,0
42591,1
46741,1
47795,1
22857,2
21953,0
22597,0
27251,1
43133,1
17312,0
7693,1
36452,0
20778,0
15068,0
46131,1
23532,1
43044,1
13995,0
39126,1
697,1
39517,1
46012,1
35966,1
34860,1
1295,1
16259,1
13409,2
36080,1
44408,0
13580,0
42256,1
36950,1
20369,0
14281,0
11242,1
33207,1
47155,1
6540,1
29092,1
2784,1
34578,1
29048,1
15906,0
8436,1
48446,1
39366,1
6739,1
11871,0
29001,1
44859,1
31916,1
5322,1
2661,1
39891,1
45028,1
47243,1
24152,1
34944,1
8956,1
3910,1
26659,1
27513,1
38758,1
3020,2
10325,1
10925,1
150,1
44929,1
21594,2
10550,1
7748,1
35414,1
9388,1
20240,1
17315,1
26641,1
18510,1
48668,1
17092,1
12573,1
41394,1
7594,0
29162,1
38656,2
42722,1
44725,1
23677,1
1554,1
16196,1
32045,1
37558,2
26776,1
4156,1
13147,1
9032,1
43331,1
19918,2
24938,1
36623,1
25615,2
39812,1
13481,2
7128,1
26208,2
43694,1
24953,2
41218,1
26441,1
40512,1
20780,0
29446,1
748,1
14280,0
41416,1
39263,2
4463,1
27147,1
39928,2
44274,0
11642,0
30323,2
8308,0
33330,1
41758,2
4661,1
40148,1
11985,1
2494,1
42092,1
6253,1
13751,0
4249,1
47374,1
13056,1
21507,1
2588,1
23090,0
2856,1
6652,1
47500,1
27128,2
8801,1
39787,2
6570,1
36316,2
26618,1
2470,1
47146,1
4146,1
36904,1
35683,1
14667,1
9716,1
44120,0
4827,1
14637,1
37853,1
40283,1
13171,1
47845,1
45404,0
44763,1
11296,1
22380,0
21651,1
1110,1
9714,1
47645,1
8997,1
5067,1
13703,0
168,1
15857,0
21533,1
35087,1
4841,1
37126,1
42015,1
44647,1
32160,0
8866,1
23301,0
17580,0
43771,2
40835,1
19662,1
38499,1
30714,1
34547,1
17333,1
33557,1
24929,1
20314,2
47251,1
36353,0
34689,1
22688,1
21926,0
28134,1
11336,0
5363,1
45983,1
47618,1
20579,0
5474,1
552,1
33044,1
24803,1
774,1
22369,1
29972,1
24945,1
18367,1
47871,1
16386,0
113,1
13994,0
13991,0
41320,1
20684,0
4024,1
29047,1
12383,1
29813,2
9750,1
19353,1
11955,1
19819,1
20829,0
44698,1
436,1
2426,1
47154,1
34565,1
13721,0
34608,1
44361,0
35444,1
37890,1
2570,1
24986,1
19885,1
38937,1
43372,1
29041,1
28306,1
18517,1
31304,2
46633,1
36071,1
47476,1
47459,1
23315,1
47351,1
48252,1
10067,1
45143,1
18356,1
1954,1
9403,1
1048,1
20957,0
45213,1
33948,1
39616,1
45887,1
30496,1
41431,2
12582,1
6639,1
21017,0
43359,1
44759,1
17964,1
11212,1
43515,1
9988,1
37589,1
33311,1
29714,1
25643,1
20587,0
48308,0
46939,1
43067,1
46343,1
30470,1
25557,0
46666,1
46284,1
22559,0
25586,1
18788,1
9663,1
14132,0
42139,1
45030,1
28028,2
10965,1
24384,2
32290,1
36656,1
6779,1
15900,0
6083,1
10129,1
2025,1
16829,0
40661,1
32107,1
35651,1
25108,2
44196,0
4057,1
20509,0
30755,1
17603,0
802,1
29435,1
12930,1
10595,1
40877,1
7850,1
47109,1
46661,1
25446,2
39868,1
10085,1
2906,1
22236,0
43439,1
12660,1
34242,1
43695,1
17652,0
37342,2
26701,2
3601,1
14030,0
35179,2
24923,1
41444,1
6031,1
15407,0
31079,1
29681,1
15812,0
2376,1
18391,1
1683,1
40607,0
12403,1
26093,1
333,1
15991,0
11994,1
17395,1
17749,1
16987,0
27387,1
46983,1
43817,2
27877,1
43802,2
8189,1
10691,1
12666,1
13820,0
16780,0
20467,0
43447,1
33636,1
23793,1
41997,1
45676,1
17950,2
14436,0
16214,1
36775,2
2772,1
1902,1
43872,0
7806,1
47150,1
12151,1
36021,1
32951,1
15789,0
7428,1
6536,1
25147,1
17622,0
14638,1
31532,1
32035,1
47708,1
8644,1
28512,1
46991,1
11148,1
21175,1
11077,1
31137,1
5118,1
1836,1
48586,1
30286,0
26848,1
40271,1
47704,1
38043,1
7134,1
6985,1
16082,0
28097,1
22292,0
35535,1
225,1
5071,1
11252,1
47997,1
42811,1
31069,1
25339,2
35305,1
35248,1
7132,1
29733,1
40534,2
22028,0
39676,1
5690,1
5435,1
12662,1
9346,1
28984,1
42391,1
17890,0
13453,1
34669,1
11196,1
18971,1
14195,0
8774,2
36445,2
48187,1
22463,0
22570,0
26175,1
36654,1
44595,1
45436,1
21335,2
6294,1
15998,0
24771,1
16420,0
22645,1
40552,0
26794,1
7028,1
22377,2
15266,0
23685,2
26442,2
42041,1
639,1
13476,1
39221,1
40112,1
48389,0
35113,0
16199,1
32599,1
42642,1
42091,1
42384,1
41578,1
24303,1
40447,1
977,1
39231,1
3518,1
22601,0
34182,1
29640,1
41664,2
5262,1
1984,1
1011,1
2458,1
25192,1
30481,1
28235,1
9215,0
21290,0
23875,1
39285,0
21271,1
15424,0
21180,1
31936,1
40813,2
5117,1
46147,1
17194,0
46034,1
14370,1
30536,2
13768,0
12036,1
25258,1
17750,1
21520,1
26582,1
37478,2
29780,2
39090,1
10955,1
2505,1
46069,1
21888,0
40278,1
40124,1
26715,1
24765,1
21032,0
35336,1
33531,1
5967,1
31901,1
20179,1
46804,1
29795,0
7564,0
21661,2
31968,1
493,1
1723,1
875,0
6829,1
25325,1
6454,1
21395,1
3115,1
26349,1
23449,1
23509,2
25981,1
43794,1
12587,2
5449,1
14872,0
31366,1
23531,0
10174,2
20389,0
46735,1
42925,1
29476,1
20113,0
39949,1
41525,2
29815,1
38972,1
39520,1
39290,1
24246,2
19091,1
12880,1
39220,1
34020,1
4268,1
31815,2
9433,1
7736,1
29075,1
40999,1
45568,1
22832,0
11441,0
17804,1
5556,1
19524,1
5292,1
44434,0
26448,1
10159,1
12588,1
27966,2
44897,1
8777,1
11623,0
30320,1
33425,1
20142,1
21414,1
37204,1
2040,1
5840,1
25398,1
16909,0
9639,1
4056,1
18799,1
44587,1
4718,1
11211,1
6982,1
30122,1
4203,1
48550,0
26579,1
28698,1
18359,1
32059,1
5340,1
5812,1
43866,0
4673,1
35588,1
28630,2
46963,1
23075,1
23578,1
27329,1
48653,0
16364,0
25120,2
39029,1
1787,1
6556,1
22665,1
2530,1
5846,1
35800,1
6058,1
41279,1
38436,2
16554,1
14252,0
34558,1
14762,1
35078,1
9169,1
13434,2
11204,1
36680,0
16298,0
23767,1
38567,1
11124,1
21509,1
12407,2
33660,1
17587,0
1738,1
36256,1
34132,2
39243,1
35247,1
5418,1
19252,1
19903,0
39159,1
37663,1
16520,1
32989,1
33376,1
14929,0
8012,1
5639,1
25015,1
25092,1
38800,1
37907,1
30412,1
27571,1
7438,1
18666,2
2739,1
20691,0
18352,2
2188,1
47167,1
18528,1
16849,0
1892,1
15319,0
29178,1
19434,1
3373,1
46889,1
47014,1
42425,1
45461,1
38404,2
28749,1
48224,1
39543,0
8969,1
1938,1
42383,1
32257,1
33462,1
33122,1
32268,2
37878,1
30006,1
25670,0
46837,1
4255,1
4230,1
21145,1
47638,1
27429,1
26324,1
1103,1
15084,0
32845,1
830,1
5749,1
30173,1
45067,1
41656,2
9288,1
45138,1
29060,1
8045,0
32306,1
12924,1
14714,0
5689,1
26224,1
24628,1
19693,1
39199,1
24023,1
23972,1
47110,1
19483,1
37447,1
5250,1
19578,1
5508,1
23751,2
1174,1
42182,1
34763,2
29263,1
39416,2
29704,1
31505,2
17798,1
38289,1
6975,1
40585,1
9715,2
33648,1
3471,1
4128,1
3559,1
30319,1
15885,0
3364,1
43496,1
43871,0
45679,1
18074,1
41395,1
4567,1
3924,1
48277,0
44104,0
39183,1
8398,1
34492,1
26555,1
41677,2
16109,0
27319,1
13696,0
19405,1
8622,1
34655,1
43038,1
21522,1
7378,2
14777,1
19338,1
29420,1
44185,0
22889,1
45494,1
25617,1
38687,1
43478,1
36573,2
3032,1
27191,2
621,1
37395,1
18776,1
30515,1
32417,2
35754,1
16532,1
42325,1
29967,1
32740,1
1370,1
31214,1
35909,1
47865,1
10913,1
18974,0
8003,1
39894,1
44304,0
15122,0
47623,1
4836,1
34515,1
5341,1
19304,1
45011,1
48175,1
12104,1
7069,1
41363,0
34686,1
29807,1
25799,1
32366,1
861,0
41318,1
45756,1
29362,1
5408,1
44461,0
147,2
25461,0
7411,1
9274,1
13237,0
48372,1
36003,1
34506,1
2281,1
1315,1
2731,1
46500,1
27127,1
16429,0
3169,1
38828,1
22118,0
6131,2
30082,1
32934,1
22338,1
12128,1
10815,1
22078,0
30003,1
16228,1
16366,0
47660,1
41202,2
16756,0
45597,1
43237,1
42805,1
46894,1
24222,1
374,1
38140,1
31761,1
37771,1
15624,0
145,1
37186,2
43737,2
20280,1
25331,1
4947,1
30987,1
40459,1
44117,0
22532,0
19971,0
44029,0
39168,1
831,2
33779,1
9887,1
25560,1
42500,1
1188,0
37696,2
28007,1
1937,1
39843,1
22813,2
13228,0
37604,1
14520,0
9107,1
22801,1
36435,2
17246,0
44957,1
1415,1
15470,0
45501,1
17589,0
23656,1
1072,0
36081,1
9084,1
24013,1
12937,1
17578,0
26021,0
13180,1
28108,0
6377,1
5273,1
36087,1
35724,2
7664,1
43270,1
36517,2
47105,1
35618,1
10548,1
11931,1
36962,1
34657,1
36143,1
38225,0
17043,0
45206,1
12741,1
43198,1
44721,1
30015,2
8903,1
36648,1
43307,1
11979,1
46151,1
29734,1
32621,1
17353,1
33795,1
15945,0
18152,1
47013,1
28994,1
11778,2
24902,1
38433,1
45907,1
25854,1
41746,2
40412,1
44549,1
32604,1
30571,1
23145,1
27863,1
3506,1
29064,1
10398,1
19362,1
14708,1
28849,1
39393,1
8480,0
37497,1
30026,1
2650,1
45220,1
35210,1
38046,2
28377,1
28229,1
32300,1
17550,1
33744,1
8062,0
35678,1
13620,1
17240,0
26876,1
27283,1
24559,2
23870,1
3975,1
40139,1
24881,1
39888,1
23457,1
41974,1
33421,2
16729,0
16939,0
21256,1
32817,1
17761,2
9788,1
40985,2
17147,0
39005,1
5310,1
4195,1
31195,1
38358,1
31511,1
4158,1
2616,1
28490,1
37718,1
1184,1
36853,1
29345,1
34666,1
41481,2
48318,1
10485,1
26291,1
13130,1
22492,0
31485,2
12130,1
5761,1
42214,1
4810,1
31308,1
46743,1
9101,1
28712,1
7363,0
3051,1
35419,1
46334,1
12182,1
36871,0
24746,1
6219,1
3298,1
7282,1
6584,1
44176,0
14429,0
33916,1
32810,1
42553,1
44501,1
29865,2
24712,1
18172,1
31939,2
23009,1
43065,1
48392,1
32064,0
20802,0
35962,1
14956,0
41078,2
12766,1
41311,1
23542,1
40719,1
239,1
30190,1
1842,1
39790,1
30884,1
37676,1
27306,1
14741,1
29160,1
32744,1
1931,1
39824,1
22321,0
32993,1
10825,1
20501,0
14079,0
25654,1
45274,1
22965,1
3523,1
4594,1
21824,1
22967,1
15149,0
17270,0
18165,1
35594,1
33681,1
38244,2
8380,1
21775,1
27672,1
30580,1
1965,1
35920,1
45692,1
40116,2
29891,1
38636,0
25979,1
5907,1
19787,1
10064,1
21468,1
42189,1
5724,1
3362,1
43106,1
17755,2
23254,2
17381,1
30899,1
20096,0
13848,0
37363,1
42157,1
3180,1
18775,2
35553,1
6241,1
2200,1
34877,1
13878,0
33772,2
6719,1
18657,1
42024,1
31896,1
11609,0
30130,1
6413,1
9874,1
46088,1
47697,1
32722,1
28264,1
46214,1
42494,1
14428,0
48595,0
3795,1
38810,1
4869,1
35873,1
44465,0
43047,1
30810,2
32882,1
32027,1
23792,1
8005,1
26507,1
14590,1
26312,1
42968,1
44565,1
42619,1
26700,1
26048,2
24711,1
40268,1
36149,2
20090,0
16894,0
30510,1
7888,2
39647,1
37858,1
20723,0
40220,2
15785,0
4467,1
20228,0
23568,1
1961,1
35144,1
22354,1
8992,1
32242,1
15654,1
41896,1
35788,0
14763,2
25295,1
30183,1
44528,1
519,1
42224,1
23917,1
43537,2
44216,0
6193,1
6313,1
527,1
23937,1
41716,2
37660,2
8661,1
36313,2
24468,1
20406,0
19234,0
47566,1
15866,0
42663,1
4027,1
12320,1
18697,1
17807,1
12089,1
29022,1
42987,1
29052,1
10242,1
10758,1
4481,1
40233,1
11675,0
1656,1
1785,2
23552,1
2965,1
40448,1
9493,1
15034,0
26852,2
3862,1
28765,1
46536,1
4774,1
30257,1
41669,1
10529,1
21432,1
6567,1
6647,1
23436,1
20678,0
1284,1
28804,1
31117,1
47115,1
20308,1
14179,1
37107,1
5557,1
32356,1
10862,1
8500,0
37493,1
39407,1
24528,2
24487,0
43454,1
33897,1
17874,1
17362,0
16418,0
47353,1
18628,1
24456,1
35688,1
20688,0
11138,1
35270,1
18841,1
26871,1
14115,0
40208,1
39468,1
5852,1
12572,1
36626,1
21422,0
36317,2
41259,1
38963,1
47916,1
15974,0
28136,2
42013,1
12072,1
29102,1
12057,1
368,1
30814,1
19067,2
11937,1
24977,1
43025,1
37391,1
19147,0
24723,1
45491,1
4949,1
1289,1
42446,1
45972,1
27765,1
20329,1
4479,1
16313,0
31774,1
20260,2
36892,1
16102,0
11225,1
6956,1
29361,2
40800,2
6608,1
16113,0
1002,1
26530,0
31401,2
28761,2
10389,1
31943,1
11773,2
1851,0
2479,1
35409,1
39241,1
5659,1
2486,1
39593,2
39573,1
25956,1
36990,1
14786,1
14875,0
24247,1
26897,2
41354,0
5055,1
38101,1
26295,1
13865,0
43324,1
37846,1
34767,1
12513,1
3796,1
17971,1
5027,1
10762,1
8090,2
31821,1
45439,1
47371,1
23221,1
48386,1
40546,2
43200,1
42638,1
42649,1
19670,1
18201,1
40322,2
3176,1
5843,1
5436,1
21261,1
1317,1
32642,1
37973,1
9027,1
22936,1
16828,0
14916,0
26015,1
9527,1
8262,2
13950,0
16101,0
35110,1
19332,1
494,1
16133,0
43323,1
33936,1
32743,1
2283,1
43680,1
8155,1
38271,0
6006,1
22667,1
2181,1
37990,1
2809,1
15748,1
35342,1
23312,1
24365,1
24122,1
37852,2
27845,1
7198,1
11011,1
21474,2
470,1
14921,0
41946,1
6404,1
2075,1
40527,1
39967,0
5472,1
11867,0
42004,1
6789,1
20785,0
10757,1
2749,1
15512,0
9441,1
15134,0
26214,2
9692,1
18755,1
31887,1
27134,0
38565,1
38557,1
37320,2
8771,1
3729,1
13507,2
5344,1
23142,1
18334,1
30652,1
21630,1
46445,1
11569,0
37029,1
32379,1
12412,1
26358,2
21272,2
2308,1
32193,1
41796,1
4488,1
44222,0
2276,1
1039,1
2859,1
18394,1
40007,1
46418,2
10365,1
27941,2
32017,1
27715,1
10759,1
10446,1
16321,0
27297,2
19108,2
2672,1
10859,1
26481,2
42007,1
47007,1
23827,1
34175,1
13807,0
37354,1
34181,2
37219,1
32434,1
41576,1
21995,0
40793,2
15493,0
21270,1
6032,1
47058,1
31305,1
8855,1
32118,1
44963,1
44893,1
25986,1
36570,0
40066,1
7873,1
17418,1
23282,0
43204,1
4588,1
41933,1
39996,2
7745,1
34085,1
46669,1
12742,1
1543,1
42458,1
42056,1
10602,1
35466,1
35496,2
32319,1
23734,1
30344,1
4509,1
15440,0
4546,1
24343,1
2192,1
3933,1
42507,1
40179,1
17286,0
23824,1
37127,1
14199,0
42770,1
19581,1
6563,1
47103,1
688,1
36446,2
36797,2
39227,1
8384,1
10781,1
8393,0
47319,1
28832,1
36940,1
15223,0
18932,1
9935,1
4888,1
42990,1
47124,1
7641,2
40037,1
40384,1
42048,1
21394,1
37100,1
38903,1
21225,1
14143,0
27637,1
22157,0
13160,1
2263,1
10303,1
28787,2
28722,1
2709,1
2750,1
17640,0
44925,1
12341,1
7315,1
20601,0
35907,1
12267,1
2951,1
528,1
10210,1
32354,1
21784,1
17556,0
25619,1
27249,1
13672,0
21448,1
25614,1
13656,1
9303,1
34631,2
27663,1
7713,1
39439,1
32425,1
44976,1
6538,1
17371,2
36078,1
3984,1
23695,2
18955,0
12876,1
36411,1
6197,1
39763,0
3911,1
23114,1
41077,1
19937,0
26549,1
32152,0
12413,1
8411,2
7844,1
35769,1
17465,1
15548,0
26183,1
35653,1
19393,1
41829,1
26610,1
25809,1
16809,0
11843,0
20463,0
21660,1
13118,1
353,1
4465,1
36758,0
28195,1
14482,0
18969,0
27116,1
12858,1
2468,1
38901,2
19176,1
36768,2
533,2
5158,1
29441,1
29897,1
16571,1
43534,2
37150,1
27655,1
15125,0
47720,1
37819,1
17775,1
3315,1
35968,2
16642,1
47852,1
7233,1
42327,1
44227,0
3979,1
4217,1
21249,1
23495,1
39657,2
41538,1
5392,1
15328,0
44994,2
12996,1
10575,1
42508,1
41636,2
46905,1
5993,1
36549,2
41805,1
36815,0
23594,1
44223,0
20,1
28448,1
26094,1
6405,1
15952,0
18998,1
16533,1
31256,1
36953,2
17081,2
45006,1
26109,1
21007,0
39970,1
27388,1
4363,1
1246,1
5446,1
45657,1
36473,1
3061,1
8041,1
21583,1
40952,0
15447,0
10736,1
45477,1
6333,1
24846,1
33864,1
21502,1
38332,1
9737,2
14657,1
29068,1
37533,1
31914,1
19461,0
36185,1
11398,0
8542,2
18565,1
28160,1
47156,1
45671,1
3604,1
4839,1
26156,2
46115,1
28353,2
9159,1
34338,1
34342,1
42133,1
16552,1
47540,1
35787,2
25184,1
15759,1
48553,1
41429,1
31825,2
36174,1
26005,1
37688,1
47752,1
35783,1
46686,1
46127,1
26456,1
12343,1
29366,1
41015,2
36437,2
14238,0
43142,1
35630,1
39024,1
3641,1
25832,1
46175,1
10225,1
24632,1
36456,2
4524,1
39539,1
41165,1
46688,1
3803,1
799,1
8990,2
42798,1
23886,1
16793,0
11596,0
7737,1
36746,1
15732,1
22524,0
9538,1
22593,0
28642,2
4207,1
15230,0
41163,1
22460,0
33086,1
34376,0
35442,1
24586,0
5317,1
13166,2
35449,1
14024,0
3816,1
24946,1
20236,2
2627,1
25651,1
33062,1
12871,1
16714,0
44558,1
45567,1
7868,2
3367,1
1005,1
1377,0
43878,0
22420,1
17184,0
35731,1
21897,0
607,1
22345,1
20522,0
42690,1
34562,1
43312,1
46489,1
36371,1
19807,1
38093,1
23050,2
6942,1
38307,1
21623,1
46911,1
33791,1
1211,1
36968,1
28453,1
45246,1
31105,1
12448,1
21400,1
39685,1
39359,1
32917,1
28623,1
40040,0
17304,0
22016,0
31087,0
9770,1
8130,1
29388,2
5963,1
47133,1
43574,0
47834,1
27400,2
31075,1
13202,1
32040,1
34590,1
1958,1
39414,1
10327,1
11192,1
21901,0
12498,1
31490,1
21119,1
47421,1
30975,0
15899,0
24834,1
28706,1
41622,0
19257,0
47089,1
46082,1
25347,1
19786,0
44744,1
14261,0
30302,1
4912,1
28886,1
27839,1
8279,2
31484,1
45738,1
3148,1
17886,1
20227,2
43644,2
4064,1
6654,0
32766,1
26124,2
45700,1
22452,0
537,1
47913,1
25829,2
10547,1
48082,1
17592,0
47471,0
41750,0
26499,1
32546,1
9231,1
19754,2
47026,1
25963,1
41856,1
8799,1
24692,1
9946,1
9526,1
31178,2
48092,1
29946,1
9414,1
48502,1
22973,1
37875,1
36280,1
20072,0
15993,0
20882,0
9575,1
11545,0
1589,1
46074,1
33132,1
45581,1
2558,1
29613,1
6577,1
14753,1
27799,1
42489,1
15429,0
6653,1
11812,0
26826,1
24248,1
17573,0
28438,2
20025,1
10229,1
40380,1
10845,1
36166,1
16048,0
8884,1
2329,1
15048,0
22186,0
43636,1
6327,1
9036,1
47333,1
30504,1
33520,1
29697,1
29954,1
41782,1
26535,1
12599,1
45433,1
21174,1
9345,1
9592,1
4220,1
38661,1
24861,2
41217,1
20156,1
33626,2
39739,0
48403,1
47347,1
38993,1
19010,2
34567,1
44410,0
24844,1
20465,0
22032,0
13579,2
23077,1
427,1
26734,1
22481,0
17181,0
9914,2
44449,0
3,1
30562,1
1107,1
7353,1
44089,0
27188,1
8875,1
32808,1
23524,1
5002,1
44613,1
42389,1
10927,1
15442,0
39022,1
31773,1
3525,1
41961,1
37486,1
38897,1
1743,0
43882,0
32578,1
41185,1
27441,1
45805,1
32807,1
42411,1
25546,1
27055,2
44345,0
218,1
17145,1
31482,0
2961,1
44580,1
12020,1
26009,1
16967,0
43556,1
45735,1
20332,1
1057,1
43677,1
18018,1
32323,1
17858,1
46789,1
11989,1
43832,1
22227,0
11633,0
7746,1
11322,0
45243,1
37979,0
19899,1
28890,1
25503,2
40667,1
27325,2
45746,1
47891,1
10923,1
15657,1
2009,0
42864,1
31349,1
29173,2
40108,1
32167,2
32367,1
19628,1
6894,1
22405,0
26891,1
38659,2
4196,1
40770,1
10998,1
27405,1
26576,0
18929,1
2700,1
19734,1
25299,1
508,0
15832,0
25131,1
40413,0
88,0
30275,1
25013,1
44572,1
22465,0
232,1
41397,1
35370,0
43608,2
26254,1
10025,1
18820,1
9193,1
7512,1
42791,1
17191,0
46588,1
2172,1
6125,1
29130,1
12038,1
40536,1
16585,0
40500,2
30146,1
4429,1
44417,0
12575,1
21593,0
45059,1
37415,1
9634,1
43022,1
7948,1
4719,1
42426,1
18803,1
36655,1
25438,1
41004,1
8311,1
16001,0
26512,2
46412,1
15839,0
2229,1
44503,1
11164,1
28911,1
18643,1
2828,1
5108,1
7789,1
46665,1
23565,1
12926,1
31589,1
2290,1
3087,1
41041,1
13986,0
1487,1
11722,0
29696,1
35246,1
21427,2
36593,1
30905,1
1888,1
40618,1
11291,1
1470,1
8365,0
10608,1
41813,1
38887,1
45240,1
340,1
39246,1
43453,1
42395,1
8926,1
8188,1
16230,1
17004,2
501,1
39449,1
42430,1
29419,1
27880,1
1097,1
34690,1
37821,1
7901,1
39627,1
2966,1
16666,1
28897,1
21762,1
37316,1
13711,0
5161,1
6184,1
45098,1
21240,1
21140,1
32630,1
34993,2
15314,0
1368,1
2209,1
39929,1
14771,1
1336,1
12733,1
36780,1
16234,1
17554,1
1498,0
9643,1
32879,2
29763,1
35542,1
30127,1
458,1
31509,1
23179,1
9083,1
29409,1
36923,1
47312,1
35840,1
11815,0
643,1
27129,1
10634,1
16550,2
8234,0
10542,1
26314,1
36165,1
28357,1
12536,1
45979,1
43514,1
19014,1
2635,1
8555,1
46623,1
7717,1
14082,0
24349,1
29718,2
30400,1
43970,0
488,1
13541,0
22284,0
21319,1
30169,1
13615,0
31168,2
38134,2
16590,1
24257,0
44767,1
20012,0
30747,1
23115,1
5080,1
17981,1
28667,1
16373,0
48558,1
11790,0
47207,1
16510,0
39,1
44803,1
55,1
29746,1
43294,1
13811,0
18336,1
44610,1
23381,1
31076,1
11639,0
30739,1
46556,1
1063,0
22359,1
1088,1
9337,1
46387,1
34628,2
39974,0
42755,1
39905,1
6023,1
43505,1
35856,1
13127,1
4989,1
9869,1
42150,1
39173,1
12416,1
2115,1
17519,1
28778,1
30804,1
19650,1
46660,1
39276,1
8684,1
43535,1
8625,1
29338,1
12079,1
23460,1
22734,1
12052,1
9077,1
15148,0
39471,1
35874,1
22670,1
15252,0
4954,1
28763,1
30166,1
13603,0
9207,1
3496,1
46653,1
17177,0
48323,0
48603,0
41690,2
8101,1
5740,1
25698,1
31826,1
27413,1
28117,1
7501,1
47599,1
7293,1
20312,1
36548,0
47348,1
43528,1
40787,0
21683,1
1350,1
700,1
2826,1
45582,1
22274,0
14766,1
32705,1
27078,2
18989,1
30682,1
40170,1
36785,2
9898,2
47238,1
18432,1
43603,2
40675,2
28784,1
24443,1
15273,0
48529,1
30024,1
19464,1
3748,1
16045,0
21163,1
13617,2
42292,1
22249,0
8557,2
22901,1
12805,1
2184,1
986,1
686,1
35037,1
19610,1
29915,1
29125,1
13261,1
26018,1
25944,1
40439,1
25406,1
47766,1
32031,1
32558,1
21274,2
23314,1
33691,2
47602,1
12031,1
29685,2
25124,1
38987,1
30509,2
29341,1
3253,1
38706,2
34086,1
23259,1
19958,0
18898,1
33601,1
28634,1
5487,1
12125,1
30051,1
44606,1
20450,0
42823,1
31437,1
11043,1
14347,0
4409,1
10755,1
4469,1
11054,1
44412,0
40892,1
28711,1
25323,2
21622,1
32244,1
3606,1
7453,2
21877,1
42586,1
13741,0
34948,1
46230,1
42978,1
42960,1
45096,1
31514,1
21769,1
44267,0
10854,1
12763,1
33163,1
4623,1
24315,1
22306,0
32492,1
21700,2
4164,1
19363,1
36535,2
43130,1
1687,1
36163,2
9599,1
35380,1
39253,1
38770,1
41608,0
48664,1
23922,1
39494,1
40472,2
36991,1
43100,1
46845,1
11076,1
40424,2
17331,0
20649,0
39548,2
11428,0
7274,1
3573,1
38018,1
13443,1
22330,0
2568,1
7585,1
7729,1
9855,1
10385,1
12275,1
41817,1
11513,0
46240,1
32209,1
8598,1
7016,1
16722,0
22968,1
13605,0
29188,2
18717,1
9202,1
4410,1
28987,1
10655,1
174,1
16473,0
11373,0
18608,2
20940,0
33673,1
47080,1
38669,0
4887,1
2990,1
28164,2
47277,1
16068,1
4063,1
25480,1
11555,0
16348,0
10532,1
27716,1
33590,1
23700,1
32932,1
44391,0
20056,1
38034,1
10468,1
21707,1
36513,2
23383,1
41327,1
44531,1
47415,1
25239,1
15659,1
40968,2
46484,1
36439,2
3532,1
37706,1
10616,1
46274,2
24249,1
45947,1
24563,1
39283,1
23931,1
36050,1
47127,1
1603,1
9408,1
8858,1
17787,1
44249,0
16434,0
31993,1
37865,1
22746,1
18651,1
18033,1
938,1
14165,2
10637,1
18709,1
11063,1
14738,0
23035,1
17032,2
392,1
26433,1
36055,1
9100,1
46853,1
40753,1
38713,1
1474,1
20815,0
17540,1
37729,1
1577,1
47410,1
33904,1
24667,0
12006,1
5193,1
27476,1
26986,1
12652,1
9162,1
13638,1
11071,1
77,1
14880,0
7316,1
46765,1
23588,2
28099,2
23245,2
41594,2
20702,0
13142,1
42287,1
8395,1
37414,1
9429,1
27813,1
9216,1
48164,1
47208,1
27133,1
9222,1
31212,2
170,0
43411,1
17205,0
34980,1
10700,1
18577,1
10840,1
43804,1
34830,1
28943,1
44018,0
35268,1
6259,1
20354,0
32067,1
34334,1
32521,0
27653,2
47480,1
43132,1
3717,1
11991,1
36104,1
24018,1
33412,1
33199,1
17743,1
13398,1
34378,1
34485,1
1006,1
22152,0
4303,1
1035,1
8407,1
13111,1
1702,1
15481,0
39703,2
2056,1
2896,1
22033,0
15994,0
2753,1
12637,1
34602,1
2091,1
26016,1
10876,1
44602,1
19043,1
31717,1
5279,1
17119,1
44041,0
47424,1
12251,1
10217,1
43812,2
11804,0
11288,1
43173,1
36864,1
26722,2
17178,0
1425,1
14311,0
39795,1
1870,1
33699,1
27093,1
31154,1
29667,1
22507,0
5405,1
20552,0
37038,1
25308,2
32293,1
37401,1
25217,1
35312,1
5033,1
6803,1
30303,1
30493,2
18056,1
36403,2
25796,1
31112,1
44309,0
7810,1
7900,1
32628,1
26063,1
43718,2
10416,1
19034,1
13733,0
39150,1
22462,0
5337,1
13342,1
44936,1
13410,1
45962,1
44746,1
5308,1
38417,2
41580,2
26516,1
4109,1
26780,1
9118,1
32880,1
42462,1
12318,1
28946,1
24386,1
40301,1
37841,1
12214,1
16323,0
42610,1
27545,1
14528,1
20243,1
21629,1
28520,1
28607,1
40592,0
3193,1
21882,2
7761,1
16674,1
16290,0
35239,2
23726,1
28349,2
34940,1
4492,1
34982,1
25839,1
10671,1
21777,1
26190,0
40694,2
6340,1
36740,1
20665,0
31242,1
42830,1
39876,1
46955,1
7111,1
1196,1
30381,1
21671,2
48606,0
15045,0
9334,1
40682,0
18848,1
25111,1
45247,1
34953,2
46615,1
18875,1
38474,2
15528,0
48105,1
14124,0
16741,0
19179,1
34239,1
5997,1
39869,1
15608,0
12633,1
14904,0
33774,1
33374,1
85,1
35933,1
41135,2
38293,1
37494,1
26797,1
27963,0
12172,1
39590,1
14161,1
45259,1
14851,0
39771,1
46466,1
33649,1
18474,1
42659,1
16786,0
33213,1
6090,1
24989,1
34197,1
42937,1
18071,0
13045,1
3939,1
45733,1
48410,1
20968,0
4115,1
30014,1
34187,1
40765,1
48319,1
22955,1
7687,1
34544,2
13421,1
33504,1
46070,1
43743,2
12225,1
26539,1
16036,0
29000,2
22298,0
26249,1
36180,1
6822,1
16847,0
32324,1
13271,1
14598,1
30392,1
27542,1
28710,1
3874,1
11146,1
39512,0
8604,1
41001,1
35771,1
3456,1
23805,1
6630,1
45989,1
36243,1
32321,1
30930,1
22554,0
6635,1
19823,2
38861,1
18190,1
20720,0
48391,1
28929,0
25166,2
8268,2
26054,2
4783,1
26053,1
11630,0
17609,0
46285,1
25851,1
33896,1
28145,1
28507,2
6793,1
27807,1
47228,1
37942,1
32914,1
22051,0
42686,1
2648,1
4516,1
15888,0
36567,2
4709,1
41866,1
25820,0
25107,1
4512,1
20715,0
12421,1
44820,1
19314,1
25152,2
4028,1
44168,0
45092,1
29349,1
29895,2
45614,1
34080,2
3354,1
3649,1
29671,1
34498,1
24146,1
25234,1
8895,1
6907,1
20488,0
17115,1
25916,0
36919,2
21752,1
12226,1
38229,1
26216,1
34673,1
15802,0
30417,2
13232,0
12361,1
1972,1
25801,1
3664,1
27846,1
19717,1
12550,1
35900,1
19620,1
36164,1
18425,2
10822,1
10223,1
34591,1
27883,1
16248,1
6358,1
13608,0
19411,1
31487,1
13598,2
33333,1
2690,1
25848,1
43412,1
47613,1
34232,1
16758,0
27665,1
48524,0
14748,1
35052,1
35436,1
6990,1
24541,1
35774,1
42969,1
43775,1
14709,1
22099,0
17903,2
45327,1
31296,1
10524,1
5861,1
43236,1
15453,0
16802,0
42343,1
23846,2
26465,1
5204,1
7828,1
14373,1
26818,1
10784,1
36651,1
47211,1
39712,0
39348,1
48541,1
23831,1
3587,1
14696,1
24511,1
24211,1
175,1
35434,1
25694,1
1475,1
15427,0
41981,1
2935,1
16972,0
32851,1
5584,0
47295,1
29538,1
22748,1
15592,0
5172,1
45478,1
13186,1
42899,1
29044,1
4380,1
18972,0
9239,1
17259,0
38262,1
37801,1
12271,1
46253,1
24095,1
4634,1
44084,0
749,1
11879,1
26603,1
35820,1
42079,1
8892,1
22436,1
46571,1
22944,1
664,1
21985,0
34076,1
33938,1
13510,0
44844,1
26693,1
29288,1
32686,2
48678,2
29512,1
22922,1
28254,1
41306,1
28109,1
20106,0
31967,2
43115,1
43686,2
14354,0
2330,1
30255,1
42021,1
39446,2
33724,1
3638,1
41864,1
31611,1
2222,1
34998,1
8842,1
9232,1
39062,1
37271,1
37983,1
38966,2
19441,1
35165,1
18943,1
14775,1
3062,1
47236,1
8334,1
18021,1
44778,1
39984,1
1510,1
32456,1
26320,1
5822,1
38581,1
3870,1
997,0
43532,1
33130,1
39479,1
11361,0
38514,1
8987,1
7611,0
9044,1
27202,1
46188,1
2189,1
35362,1
716,1
28297,1
28776,1
20893,0
26828,1
27466,1
29390,1
37957,1
29268,1
14940,0
11101,1
23376,2
4239,1
4067,1
12976,1
21611,1
43464,1
47927,1
17714,1
28425,1
39621,2
9612,1
14725,1
33522,1
5656,1
1280,1
2580,1
47132,1
34180,1
35967,1
46321,1
46134,1
3512,1
22873,2
46659,1
24542,1
4812,1
14671,1
36761,1
17488,2
42103,1
812,1
44847,1
21859,1
32146,1
30811,1
37328,1
24592,1
44758,1
30040,1
6798,1
48106,1
9531,1
36049,1
34926,1
47587,1
13989,0
24471,1
40140,1
25587,1
43610,2
13931,0
25789,2
32468,2
35799,1
35808,2
4454,1
15633,0
15043,0
33460,1
24645,1
19113,1
31740,2
26542,1
13728,0
22189,0
41789,1
31911,1
13999,0
38428,1
33863,1
25024,1
32496,1
37971,1
45853,1
33072,1
38818,1
43468,2
16403,0
15714,1
13199,1
16868,0
21692,1
16807,0
17154,1
23894,1
23176,1
19888,1
20535,0
20697,0
38631,1
19989,0
9356,1
42675,1
22210,0
16252,1
31920,1
20933,0
9652,1
36730,1
33505,1
35173,1
1230,1
26844,1
8213,0
1047,2
1910,1
43479,1
19382,2
48055,1
22503,0
35016,2
9809,1
10940,1
6065,1
13622,1
41347,2
38057,1
38374,2
39441,1
23838,1
29103,1
13294,0
6480,1
14546,1
48254,1
10096,1
40450,1
13264,1
4915,1
26050,1
40298,1
15765,1
34724,1
33161,1
19764,1
31876,1
31461,1
9940,1
16358,0
46645,1
34632,1
35092,2
35704,2
11292,1
29038,2
14648,1
12534,1
24523,2
15643,1
46685,1
434,1
17125,2
38465,1
46726,1
45181,1
4540,1
7043,1
19778,0
34762,0
9582,1
11973,1
22956,1
24916,1
45617,1
26100,0
39595,1
8921,1
3465,1
6188,1
48390,1
43499,1
1594,1
19205,1
3327,1
6914,1
556,0
37522,1
47625,1
13326,1
40594,1
21518,1
12848,1
14172,2
37986,1
18542,1
44354,0
43495,1
27869,1
43060,1
19440,1
21526,1
34216,1
16895,0
34881,1
29873,1
33776,1
43003,1
44718,1
17907,2
7724,1
13676,2
23397,1
35493,1
42185,1
20136,0
30461,1
11970,1
13295,1
24300,2
2354,1
44272,0
22592,2
32753,1
28005,1
25623,1
9852,1
30094,1
6656,1
32868,1
38554,1
22097,0
3704,1
11591,0
18949,1
4514,1
7966,1
41051,1
38606,2
477,1
253,1
21387,0
13030,1
5208,1
41093,2
13309,1
24,1
42028,1
19546,1
41406,1
47392,1
22675,1
14793,1
15938,0
1339,1
40425,1
39002,1
2911,1
42049,1
23083,1
29980,1
47465,1
14242,0
31613,1
27922,1
19643,1
28655,1
2429,1
33475,1
18428,1
30252,1
30383,1
41267,0
29463,1
10701,1
29522,1
25352,1
10253,1
5758,1
35930,1
15756,1
43213,1
45402,1
42632,1
19306,0
32119,1
39504,1
26011,1
19286,1
8482,2
17000,0
20876,0
1362,1
1583,1
7002,1
31325,1
11062,1
44701,1
41381,2
31476,1
3263,1
48314,1
23834,1
26978,1
6064,1
32020,1
23958,1
43629,2
8878,1
10855,1
39443,1
20454,0
27891,2
26123,2
308,1
1550,1
29124,1
38422,2
24419,2
17150,1
6627,1
46863,1
5410,1
31264,1
27040,1
4314,1
29809,1
7674,0
12162,1
16481,0
44198,0
8067,1
36462,0
27650,2
20603,0
30772,1
44609,1
18496,1
28451,0
42117,1
31121,1
9518,1
10581,1
7648,1
13692,0
43508,1
30312,0
19209,2
2537,1
41893,1
1093,0
41409,1
47009,1
42413,1
38145,1
30042,1
3722,1
22708,1
35552,1
1347,1
46310,1
20249,1
5887,1
19529,1
37270,2
237,1
43373,1
6234,1
28364,1
42207,1
35631,1
24225,2
41725,2
22154,0
11634,0
31734,1
6737,1
43095,1
39729,1
25141,1
23817,2
48001,1
18490,1
11419,0
10195,1
665,1
10015,1
42868,1
31041,1
34787,1
2578,1
19378,2
19273,0
25496,1
42399,1
28971,1
9885,1
3653,1
44510,1
17562,0
41080,1
37102,1
21856,1
20922,0
17772,1
25435,2
2666,1
2878,1
4099,1
16581,1
47557,1
32334,1
21802,1
24792,2
3385,1
37381,1
2647,1
30932,2
24561,2
40542,1
12900,1
43625,0
39106,2
18863,1
47355,1
10465,1
42838,1
45754,1
48005,1
36632,1
13570,2
15466,0
31166,2
11092,1
1957,1
37137,1
13693,0
21716,1
26747,1
32390,1
2510,1
28190,1
40441,2
20317,1
126,1
33178,1
24129,1
15688,1
46733,1
26658,1
37526,1
33045,1
27488,1
1049,1
12103,1
33855,1
9280,1
9920,1
13148,1
40015,1
48074,1
5601,1
33359,1
26027,0
43734,1
7185,1
35781,1
43596,2
1473,1
34994,1
42235,1
20455,0
20630,0
33200,1
28846,1
30740,1
10059,1
39955,2
3022,1
22490,0
41541,2
38939,1
27609,1
17200,0
34838,1
33643,2
40742,1
31127,1
40912,2
2398,1
3648,1
29258,1
42815,0
29129,1
30598,1
45265,1
16385,0
6249,1
16973,1
45441,1
9876,1
26101,1
25354,1
25605,1
35928,1
25266,1
45897,1
2134,1
30594,1
12503,1
18509,1
34166,1
10037,1
33172,1
35252,1
29776,1
2962,1
16846,0
530,1
25653,1
37330,1
1056,1
30665,1
33450,1
22744,1
41703,2
8475,1
7381,0
38379,2
35343,1
10577,0
23510,1
198,1
8894,1
31187,1
7332,1
869,1
9341,1
26495,1
30269,1
30789,1
8473,1
11199,1
18197,0
7327,1
10318,1
13581,2
40002,1
36789,0
21254,1
47068,1
38397,1
18454,1
3302,1
30546,1
3016,1
15351,0
31697,1
44033,0
7482,1
41377,2
4884,1
16549,1
30023,1
11857,0
48239,1
22497,0
16693,0
40584,1
7679,1
34337,1
26231,1
8702,1
20083,0
15361,0
12673,2
28370,1
31727,1
26110,0
13039,1
4412,1
44500,1
19084,1
14791,0
406,1
10430,1
23418,1
36265,1
21029,0
43710,1
4250,1
36072,1
15790,0
18032,1
23909,2
34550,1
7894,1
30830,1
19840,1
8564,1
46283,1
6718,1
22337,1
14068,0
29649,2
5797,1
11179,0
23212,1
19290,1
25172,1
450,1
2218,1
11647,0
7760,1
18134,1
6825,1
36902,1
24082,2
28002,1
7895,1
18525,1
21570,1
28819,2
29273,2
40210,1
36161,1
43933,0
7623,2
15318,0
18516,1
13639,2
25906,1
12807,2
33153,1
13279,1
8845,1
43345,2
14339,0
45975,1
22893,1
2511,1
7742,1
25607,1
43581,2
54,0
13125,0
6109,1
10683,1
13637,2
6592,1
6638,1
25626,2
25562,1
24170,1
20036,0
12989,2
37866,1
33510,1
48206,1
27753,2
11082,1
27680,1
1873,1
16853,0
33612,1
6198,1
46710,1
1207,1
22753,1
23551,1
28643,2
41711,0
7525,1
5272,1
45787,1
16565,1
48283,1
16979,1
16694,0
8222,0
42051,1
7122,1
22389,2
16651,1
8826,1
26488,2
22590,0
47723,1
23628,1
13583,0
25076,1
28466,1
15069,0
19071,0
19790,1
27552,1
46879,1
30433,1
39759,0
3011,1
30812,1
27174,2
28895,1
46586,1
