ID,submit
11281,2
21564,0
22373,1
8068,1
41641,2
11067,1
21403,0
37641,2
20672,2
14877,2
739,1
2692,1
16927,1
9348,1
28274,1
3125,1
543,1
24957,0
17019,2
47857,2
27348,0
17417,1
34199,1
35501,2
34978,0
41731,2
8673,2
15936,0
48278,0
22838,2
8738,1
3896,0
7045,0
40417,1
16855,1
10698,0
38461,0
33040,0
48561,2
33188,0
29229,0
31328,1
22747,0
43319,2
29289,2
38809,0
2370,2
2706,1
25902,0
32568,2
39751,0
39093,2
24754,0
14806,2
27005,2
7739,1
7643,1
44427,0
24446,2
35382,1
22102,1
7318,0
23680,0
34454,1
5768,0
23174,2
28260,1
37189,0
105,0
28473,0
25628,0
32382,1
10724,1
10707,1
43360,1
35596,0
33146,0
41950,0
11706,1
4081,0
34249,1
42196,0
20353,0
5444,1
43855,0
42734,0
4765,1
23159,1
26513,2
13448,2
46918,1
3555,0
45524,1
3951,1
41052,1
2096,1
22678,0
4847,2
46280,2
34099,1
21702,1
25447,2
18236,0
22904,0
38181,1
23704,2
39171,2
4941,2
2341,0
32441,0
27866,0
10779,2
21566,1
4079,1
48665,0
32155,2
4999,0
44268,1
3708,0
14570,0
43671,0
19325,2
8042,1
25462,1
26049,1
33399,2
20360,2
37217,2
45914,1
5894,0
25967,0
17815,1
27636,2
6017,2
2802,0
17844,1
37709,0
19082,2
20967,1
34744,0
4707,0
13469,2
34321,1
11439,0
35215,1
32005,2
26223,2
10646,1
43195,2
23243,2
29501,0
25412,2
26440,0
45879,0
978,1
42693,0
17409,2
23170,0
30501,1
30672,1
29648,1
18217,1
45107,0
48387,0
33143,1
27172,2
39880,2
27675,0
28206,0
2566,0
3937,2
3819,0
28258,2
3676,0
24862,2
45495,2
23626,2
31691,0
34650,1
6323,0
3154,2
42016,0
26308,1
37741,2
29017,1
1834,1
11526,0
1344,0
14562,1
43615,0
30046,2
47444,1
23061,2
41082,2
44225,0
34307,2
22725,2
15000,2
39419,2
13274,1
15315,1
45314,0
35987,0
6895,0
22551,2
3182,1
35091,1
31798,1
37923,0
27203,0
33634,0
45866,1
31988,2
37103,2
41027,1
35582,2
47898,0
17220,1
20211,0
48385,2
32221,2
15228,2
39658,0
45527,0
23523,1
1176,2
45370,2
27889,2
29653,2
45027,1
6458,1
33347,2
10828,1
40016,1
44009,2
43809,1
24126,0
29398,2
38082,0
43055,1
27210,2
23465,1
15678,2
34814,2
47431,1
4628,2
46419,0
17231,1
42870,2
17027,2
39475,2
34479,1
27517,2
14133,2
36679,0
10561,2
31991,0
13007,0
6016,1
30555,1
27368,1
29089,1
18489,0
48449,1
12727,2
32963,2
20335,0
78,0
38604,2
18700,1
19577,2
43667,1
15226,2
34137,1
12911,1
10004,1
5984,1
12158,2
35773,2
12527,0
10440,1
41344,2
44603,2
45599,1
46739,1
18897,2
6899,0
20058,0
46,0
12310,2
5353,2
3505,2
30961,2
32371,1
39280,0
18417,2
23916,0
24340,1
27664,1
5597,2
16131,1
9237,1
11109,2
36846,1
8634,1
21219,2
39989,1
26215,0
16998,2
43119,2
33804,1
27291,0
8336,0
40032,1
20725,1
13804,1
33141,1
23293,1
28913,1
5614,2
11221,2
14729,2
782,0
30988,0
9131,1
19760,2
14993,0
25870,1
13569,2
44499,2
35775,1
42775,1
20562,2
7430,2
22161,0
30625,1
41991,1
14260,1
37667,2
46953,0
15003,2
18438,2
14067,1
22811,2
10211,0
19166,1
3209,2
453,1
25254,1
1775,1
37427,2
42951,0
39130,2
9128,2
42946,1
2855,0
21838,0
14444,2
40106,2
4138,1
25664,0
9458,0
27679,0
32756,0
16107,2
32003,0
14044,2
39142,2
40919,2
5807,1
37086,1
19692,2
8721,0
42532,2
32726,0
48156,0
39559,0
3966,2
17065,0
1054,1
21896,0
19924,2
24937,0
25760,0
41143,2
3140,2
37242,1
1712,1
9269,0
8655,1
44118,0
33341,0
42668,2
31440,2
27229,0
14537,1
4059,1
48010,0
41514,1
878,1
25494,0
40713,1
44300,2
9523,0
39437,1
45133,2
37504,2
4371,0
19773,1
40130,2
17808,1
14884,0
29919,2
42229,2
34502,1
41226,1
40019,2
25027,2
10798,2
44079,1
19062,2
42872,1
17777,2
40778,1
9929,0
45732,0
14202,1
14468,0
48658,0
35090,0
48556,0
24798,0
39295,1
28483,0
7645,1
44178,2
6912,2
12120,0
448,2
42564,2
44199,2
19203,1
6983,0
26398,0
8510,0
43696,0
18338,2
44771,1
46627,0
4927,0
2373,0
37143,2
44150,0
40443,1
17351,2
6321,0
14412,2
45708,2
19780,2
46531,1
42862,0
6330,2
9324,2
36788,1
28721,0
33602,0
26788,2
14135,2
13034,1
14247,2
47969,0
45999,2
3463,0
7421,1
44371,2
40316,1
6941,2
10785,0
24910,1
11704,2
2463,2
32176,2
10585,2
36932,0
25888,2
28515,1
14159,2
40875,2
31921,2
7715,2
7033,2
35883,2
15698,2
24778,0
25226,0
5397,2
47803,1
2261,0
22530,1
30378,1
7355,1
7608,2
37068,2
42869,2
2860,0
1373,1
38710,1
2452,0
34103,1
20034,1
38441,0
16587,1
12907,0
25033,1
47626,0
5065,0
33487,0
48467,1
38096,2
4286,0
2542,0
16431,2
29874,0
820,1
5159,2
28331,0
44101,2
40660,1
4937,2
27934,2
958,0
45764,1
23593,0
5756,1
39919,0
48443,0
20568,0
8962,2
39870,1
32852,2
32979,1
45717,1
4352,1
9939,0
13382,2
42497,2
48081,0
42261,0
38305,0
24668,2
23378,0
31489,2
28066,0
42197,1
10937,1
23065,1
39879,0
27019,0
12677,2
42711,2
44129,2
29404,1
27036,1
22091,2
11084,2
22205,1
20108,0
37571,1
14721,2
17216,1
46338,0
16184,0
30145,0
17401,2
15588,2
38485,1
47344,2
14351,1
12050,0
29811,1
39328,0
41621,1
10054,1
32204,2
12283,0
9140,0
18518,2
4624,1
5458,1
38217,2
9776,1
5736,2
23238,0
44904,2
41100,1
12961,0
3714,1
44852,1
46738,0
38794,0
44347,0
33764,0
41795,1
21958,1
7120,2
13929,0
39368,2
6961,2
18832,0
5455,2
6616,0
34914,0
39496,0
39716,0
22311,2
19083,2
9532,1
19561,0
47671,2
33015,2
43989,1
24721,1
9143,1
36975,2
46732,1
43274,0
44669,1
18833,2
46041,0
3167,1
36024,2
19056,2
10735,1
17215,0
12053,1
35598,0
10438,0
31983,0
24243,1
2456,1
11934,1
9718,1
41219,2
14434,0
14988,0
31235,1
22122,1
27411,1
7842,1
44068,2
2393,2
18698,0
12279,2
13855,0
47701,1
5757,2
3235,0
18621,2
3833,1
21264,1
11323,0
39945,2
1573,2
39733,2
20101,0
31378,2
41036,1
40385,2
15471,0
6237,1
31829,2
39753,2
24903,2
38224,0
38371,1
10796,1
2573,1
31469,2
28768,1
19572,0
3546,0
32174,0
10048,2
23569,1
32794,2
38370,1
1821,1
15834,1
9417,0
47572,1
728,2
26346,0
47882,2
28866,1
47781,0
19180,1
22480,1
26611,2
20834,2
44066,0
42982,2
38277,2
32866,2
48110,0
40091,0
35242,0
1637,2
23754,1
10598,0
32746,1
21753,2
18484,0
7398,2
41770,0
33211,1
18782,2
16390,1
35995,0
35720,1
44909,2
21755,0
39549,1
36664,2
17797,2
34999,2
16929,1
25718,1
34255,0
44937,0
311,1
26672,0
13153,0
47948,1
38214,2
27073,1
43097,0
15504,0
44973,2
18741,2
19886,2
37692,0
47710,0
6232,1
48414,2
6525,1
18242,2
828,2
34870,2
21848,2
5100,1
8901,1
25594,2
12074,1
44704,2
22619,0
47469,0
27410,0
9534,1
37590,2
39429,1
42847,1
28882,1
14305,0
45938,2
2037,2
8159,0
1000,2
14703,1
35226,1
5747,1
44905,1
38345,0
15787,0
37170,1
27604,1
45269,2
37770,1
32378,2
44065,2
35863,2
43518,1
36742,1
35359,2
26158,0
37485,2
5634,2
15941,1
38799,1
44458,0
44355,1
19986,2
16025,1
30926,1
4006,2
27221,0
41939,1
15713,0
788,1
35397,0
37792,2
19666,2
46820,0
19831,0
680,1
19309,0
15503,2
34435,2
44687,1
21779,2
7930,1
26709,1
33704,0
5490,0
8659,0
29134,1
5266,1
23582,0
4729,2
40041,2
34696,2
46575,2
34091,2
48402,0
7475,2
34276,0
33205,1
25876,1
46806,1
27515,0
7084,1
30507,0
29126,1
46977,0
31520,0
18627,1
6293,0
8516,2
48361,0
22209,1
38253,0
10281,1
10074,2
22021,1
13297,0
7138,2
32577,0
18044,0
4626,0
3778,2
464,2
32618,2
47137,1
23349,2
24984,1
1260,2
16989,1
7466,2
39192,0
27146,0
19334,2
37715,2
13088,0
26135,2
19452,1
18722,0
7244,1
3226,0
16507,0
29099,1
29607,0
13876,1
30070,2
32731,2
35117,0
20038,2
37529,1
27086,2
33043,1
44529,0
35872,2
5026,1
45949,1
42703,2
9537,0
24814,0
33435,1
16804,2
16203,2
31963,0
4330,2
9039,1
19896,1
43787,2
15151,2
47000,0
12394,0
6035,1
46361,1
25529,1
17406,0
10187,1
16453,1
38425,2
25620,2
26860,0
4078,1
17812,1
4550,0
29080,2
2936,0
8595,2
22244,0
40732,1
35743,0
31709,0
1422,1
9851,1
44292,0
42376,2
6565,0
41331,0
17261,0
26764,1
114,1
46416,2
43756,2
28407,0
22800,2
37988,1
21368,1
3934,2
26712,0
10381,0
12491,0
34350,2
3884,0
22875,1
30908,1
16974,1
17782,2
20356,2
14314,1
14307,0
29304,2
6227,2
2557,2
45918,2
25768,2
32080,0
26212,2
38639,1
22890,1
42648,1
32341,1
34013,0
14694,2
37207,2
27815,0
3251,2
31102,1
15099,1
27013,2
31326,1
42073,1
19784,2
47384,2
19834,1
5914,1
19431,2
36069,1
9290,0
44047,1
18226,1
7749,1
18369,2
20541,0
14871,2
19938,1
23111,2
28889,1
37542,0
34629,1
18500,0
12888,1
19788,1
19137,0
10764,1
15207,1
32800,2
22114,2
20059,1
33074,0
26194,0
32068,1
42662,1
46031,1
48150,0
16269,0
31192,0
43822,0
1483,1
38107,1
2029,2
46592,1
9953,0
354,2
21044,2
11177,0
30243,2
46220,0
37651,2
23134,0
29174,0
42655,0
30567,1
22598,0
46305,1
47389,1
28838,1
30603,1
46058,1
13538,0
44978,1
593,1
491,1
6140,0
1398,2
1301,2
47101,1
36667,2
26504,1
14554,0
38705,1
39814,1
44334,1
30247,0
13141,1
35986,2
18216,0
13087,2
41039,0
41139,1
1562,2
17688,1
41848,1
26473,2
9088,2
18461,2
36035,1
20319,1
20345,0
14659,2
36981,0
3978,1
46054,1
18670,0
46965,1
16637,0
357,2
16775,0
47435,0
16137,2
3612,0
25225,0
23017,2
39654,1
4951,1
29691,1
46776,2
10200,0
25744,1
4453,0
40537,0
10883,1
8432,1
43471,2
37365,2
34826,2
39864,0
25964,1
32130,1
12560,0
26624,2
37697,0
13752,1
8950,0
45033,2
35014,1
16273,2
1695,1
923,0
4642,2
13937,0
15823,1
35901,2
36512,1
2533,2
39665,1
7936,2
22998,2
30030,1
41401,0
25748,0
6517,1
28187,0
20265,1
21861,0
46937,1
8194,1
31550,1
35112,1
230,0
10247,0
20711,1
36122,2
35039,1
46760,1
3689,0
43338,1
17600,1
15766,0
7362,2
42695,0
12055,2
40469,0
23239,0
42515,0
43358,2
30712,2
10415,0
46294,2
1285,2
12484,2
22935,2
670,1
32028,2
41292,2
33328,2
29867,1
36213,0
28931,2
28959,1
22232,2
7197,0
14566,2
31581,1
48032,1
23367,1
28582,2
32340,2
44796,1
30058,1
62,1
27296,2
1676,0
44920,1
553,1
440,1
16343,0
12895,1
43620,0
37231,0
13051,1
10932,1
13762,0
8817,2
39847,2
41625,2
17430,2
25335,0
9319,2
21218,0
27062,1
44490,0
30911,1
9082,2
1913,1
26476,1
29105,1
15398,2
5824,0
38844,1
40043,2
20717,1
46768,0
30960,1
36186,0
23437,1
42200,2
5810,1
32066,0
45486,0
2288,2
44766,2
6063,2
19448,0
27027,0
43803,0
26278,0
6527,1
37164,1
31733,0
47521,2
21157,1
40971,0
47970,1
47808,0
34458,1
24150,1
15955,2
7261,2
36628,1
18136,2
45543,0
4353,2
4826,1
10237,1
25047,2
24580,2
2355,2
12077,0
26329,0
13720,2
22424,1
40845,0
30901,1
44202,1
48289,1
2810,1
34520,1
4292,0
11253,2
25293,2
38175,2
1069,1
44538,1
17645,0
38731,2
40883,1
1144,1
15422,2
15179,0
24357,2
8544,0
19632,2
26040,2
38980,2
31269,2
242,0
23132,2
18983,2
27651,1
35979,2
36732,0
25290,0
37657,0
42477,2
27788,2
44486,0
12988,0
35797,1
29189,1
7221,2
29456,2
16931,0
4004,2
48267,0
4980,2
25459,0
16522,1
20458,1
17467,2
33583,0
8431,2
43230,0
27768,0
9108,2
17263,1
18584,0
7130,2
693,1
44752,0
7058,0
16839,1
47230,0
2506,0
19414,0
35392,0
24262,0
25256,2
5594,0
3876,2
18453,2
40937,2
34675,1
45518,2
19519,0
46449,0
14006,2
35924,0
27152,2
37096,2
31783,1
17993,2
29451,1
37188,1
25429,1
37268,1
5818,1
25091,0
31001,0
21772,1
11585,0
20443,0
4898,0
43711,2
16485,0
47266,1
17163,1
34489,1
21314,0
38516,0
35296,2
44753,1
23275,2
39825,0
35677,2
13916,0
10768,1
5004,2
9349,0
45054,0
645,0
23867,2
15509,1
10718,0
16986,1
2047,0
8506,0
32566,2
33853,0
40805,1
9457,2
6644,0
38692,0
40315,0
35837,1
25011,0
33556,0
30974,2
11025,2
14491,0
11139,0
46179,2
48045,1
42409,2
30064,2
25384,0
41206,1
36728,0
7030,0
35695,2
32403,1
13546,0
47940,1
26247,2
12558,0
43916,2
37077,0
31704,2
39103,1
7899,2
14213,0
8413,0
11769,0
32121,2
45695,2
31989,2
46430,0
40079,1
32977,1
15135,2
24794,2
15363,2
34630,0
16604,0
27561,1
30245,2
26423,1
28380,1
25428,2
15889,2
32275,0
44974,2
4188,2
19724,1
37028,1
24639,0
30832,1
26566,0
27849,2
2415,2
19333,0
24521,0
30067,1
26145,1
43433,2
39482,0
2499,0
2028,1
31854,1
12190,0
40184,1
12237,1
40632,1
21149,2
36715,2
33000,2
7753,0
26000,0
17689,0
21350,2
27198,1
149,0
35184,1
42176,2
42514,1
35849,1
31873,2
32906,2
11724,2
26577,1
38036,2
43655,0
41862,1
38346,2
27415,0
39140,2
43070,0
28033,1
10280,2
6553,2
20790,2
4179,2
43004,0
41302,2
46584,1
21946,0
48409,0
17972,0
32742,1
29801,2
25545,0
10404,1
21006,2
2884,1
3700,2
20687,2
21535,2
21970,1
18519,1
11933,1
3753,0
15307,2
15310,2
8502,0
14039,1
23705,0
34115,2
5830,1
6615,0
8368,0
19242,1
46311,1
21168,2
46821,2
42483,2
25373,1
36764,1
2758,2
7177,0
27907,2
14477,2
33073,0
1094,0
32103,2
23667,1
13291,1
41216,0
14996,1
46778,0
699,1
30524,1
16734,2
14557,1
26994,1
14761,0
11360,1
10101,2
11626,2
673,2
3278,2
33250,1
18178,2
28219,2
19909,0
20710,2
42613,0
46306,2
44480,1
48330,0
35785,1
24852,0
33826,2
17012,0
33542,0
2924,0
15621,2
11265,0
36374,0
47953,1
11736,0
13403,2
10216,2
48269,0
47567,0
13854,1
37047,2
8021,0
18948,0
23016,0
22974,0
13534,0
10026,2
26935,2
38986,1
36408,1
40396,0
1802,1
43767,2
1416,1
27717,2
5352,1
29046,0
5433,1
1747,0
28503,1
304,0
46877,0
9960,0
45256,1
31270,1
16111,1
23571,0
7394,2
8835,2
28919,1
11207,1
5774,2
29136,1
43238,0
32435,2
22703,0
8377,2
35203,0
30874,2
24722,0
17204,0
6908,0
12927,0
38038,1
20983,1
27051,1
34237,0
976,1
45160,1
2109,1
24051,0
9029,1
34280,2
2410,0
13756,0
36688,2
5892,1
14064,2
26352,1
9360,1
22556,0
25810,2
37118,0
3517,1
28580,0
42081,0
19617,1
26965,0
2665,1
2922,1
1141,2
34059,1
17179,0
13687,2
13321,1
16555,0
28579,0
2752,1
41539,0
5764,2
27148,1
841,1
11655,2
35096,2
24103,1
3736,2
8448,0
27533,1
46721,1
18249,2
11689,2
15873,2
36373,2
45315,2
9371,1
39678,0
8518,2
20952,2
30086,2
20959,2
19122,2
17007,1
16770,0
26455,1
14687,2
43986,1
2255,0
12844,2
20840,2
30671,0
10016,2
9354,1
1462,2
18876,1
22010,0
34827,1
45463,2
36468,0
20848,2
17674,1
13132,2
20883,0
27234,0
29871,0
25,2
47366,0
21388,1
41019,0
30762,2
33465,0
20182,1
42405,1
15692,1
15731,0
15324,0
25470,0
44564,0
829,2
5062,1
28268,1
37407,1
10141,2
40054,2
30033,2
15185,1
46898,2
18959,1
17155,0
3903,0
15809,0
45331,1
28903,2
37920,2
18465,0
44020,1
9230,2
19427,1
2555,2
10428,0
3626,1
24316,1
18412,0
39194,2
47430,1
5513,0
36348,2
33639,1
9188,0
38215,1
44054,1
8519,0
33733,2
8793,1
15746,0
16665,2
48072,1
11651,0
19295,1
31350,1
43246,0
4996,2
1447,1
19394,2
5098,1
15391,2
31086,2
6763,2
37437,0
32697,1
42986,1
5925,2
7932,1
26395,0
24492,1
39855,0
34774,2
11400,1
6935,1
37371,0
17620,2
15189,2
14842,1
26518,2
23076,1
10916,2
14022,2
46670,0
26359,2
47241,0
350,0
44242,2
15856,0
17366,2
3482,0
33284,0
1490,1
13806,1
29782,2
16918,1
15574,1
37390,1
3569,0
591,0
34226,0
36393,1
46092,1
46899,0
23602,2
8722,1
27123,2
7395,0
17492,1
15645,0
34277,2
23982,1
28080,0
41880,2
2556,1
18060,1
9227,2
30753,2
16317,0
23968,0
43217,0
45288,2
14243,0
22456,2
1507,0
18644,2
27076,0
36967,2
18781,1
40263,2
4306,2
45751,0
31294,0
24405,1
15222,2
45399,1
45580,2
26656,0
29203,2
37113,1
8386,2
5525,2
5373,0
11151,2
37698,1
35605,1
35601,0
46600,0
32097,2
25313,0
17340,0
36,0
4166,1
441,0
32725,0
24057,0
39006,0
17711,1
7118,1
33734,2
2682,0
47580,1
11029,0
19690,1
35525,2
28408,0
12243,0
31077,2
26731,1
22388,0
891,1
19538,0
1210,2
22759,0
38252,2
38142,2
3879,0
16777,2
109,0
21634,2
23712,0
39289,0
26298,0
21235,2
41128,1
35620,1
42488,1
37085,1
23045,1
25742,0
39873,1
18845,0
34420,1
43015,0
7908,2
22509,2
11285,2
20942,1
27066,2
31844,1
38477,2
23517,2
26412,0
1090,2
30478,0
23373,1
2782,1
45728,1
32148,1
17732,2
6836,0
15930,1
11100,2
4929,1
1713,1
29352,1
45016,0
118,0
28234,0
48485,0
48568,1
2395,2
15642,0
35300,2
47904,0
40438,0
48008,2
46016,1
38216,0
2903,0
17339,0
34024,1
44133,1
25103,0
47748,1
17227,2
40449,1
16215,0
9964,1
3006,2
21804,1
44738,1
10227,1
22727,0
38130,2
38591,2
20707,0
46464,1
10028,1
45645,1
26449,0
9325,2
13269,0
7631,1
24035,2
46713,1
14177,2
34878,2
11866,2
9611,1
45329,2
6087,1
306,1
31981,1
32071,1
3670,2
27336,2
42916,0
46415,0
3283,1
44374,1
37978,1
45349,0
38160,0
34501,1
21528,1
8731,0
17943,1
46923,0
40606,0
14095,1
26408,1
20229,0
14340,0
9985,2
38331,0
6488,1
3265,1
31090,0
17535,0
22258,2
34403,1
35024,0
25155,1
14948,2
11906,1
19158,2
40581,0
19293,1
32885,1
29948,0
16371,0
35435,0
6183,2
16079,0
45194,1
20975,1
5047,1
12366,1
3234,0
32429,1
38026,2
31129,1
14453,2
42077,1
8761,0
11042,2
13408,1
42423,2
31446,0
42666,1
40784,2
666,1
21494,0
37586,0
4406,0
13013,1
35882,1
7862,0
46356,0
15249,0
43950,2
10972,1
46576,0
16301,1
21300,0
47235,0
36054,2
13887,0
42674,1
27412,1
41971,0
28318,2
43745,0
6602,2
32741,2
35506,1
3101,0
43614,1
45561,2
26561,0
21872,0
1981,1
32631,2
40093,0
20875,1
1125,2
4117,1
11058,0
38470,0
1789,1
16300,1
5252,1
7095,0
28666,2
23693,2
6974,2
12323,1
824,0
1631,0
29914,0
45521,0
35329,1
24649,1
5423,0
39472,2
15916,1
26602,1
37184,0
36264,2
23118,1
7302,2
22862,1
29058,2
32983,1
10687,2
7376,2
48370,0
45279,1
39659,1
1387,2
22611,2
19479,0
27713,1
8185,0
20891,0
42387,2
23819,0
38902,2
42085,0
12787,0
8214,0
35870,0
6472,2
31803,2
16210,2
26137,2
43540,1
14665,0
15517,0
31966,1
15396,0
41462,0
25179,2
8093,2
28238,0
37162,0
16023,1
28816,0
41807,0
46822,2
25703,1
6609,2
11529,2
45219,1
22190,0
39673,0
47161,1
15920,2
10312,1
6028,0
4522,2
39571,1
12062,2
48520,0
13927,2
22397,0
45487,1
36910,1
38502,1
14410,1
8665,0
14494,2
24260,0
32168,1
23480,1
11828,2
18957,1
17625,0
38011,0
45401,0
34272,0
560,1
47690,1
19074,1
33269,0
33326,2
24289,2
17606,2
48148,2
18223,2
9762,0
11032,2
8880,1
10338,0
31758,1
40600,1
1876,0
43732,2
25676,1
23795,2
47134,2
12767,0
42952,1
34196,0
12438,0
15837,0
27149,0
1600,0
15898,1
16687,0
31253,2
15339,1
19554,0
2975,0
4075,0
11489,0
16514,2
43905,2
1220,2
17,2
18975,1
13212,0
30750,1
41450,0
47063,2
18635,0
1709,1
7766,0
19191,0
42549,2
2971,1
40858,2
18121,1
32245,0
37295,0
3415,0
5366,2
36608,2
39506,2
15162,1
1309,1
13465,1
48453,2
16641,0
36303,1
42066,1
25811,2
36935,0
37176,2
16198,1
33921,1
4329,1
32719,2
5348,0
1867,0
3902,1
41022,1
19048,1
6114,0
46579,1
42654,1
38268,2
1719,0
2760,2
31879,2
26964,0
46634,2
45125,0
41752,1
44149,2
12984,2
42533,0
47727,0
42802,1
19573,1
21989,2
22861,1
13335,1
31385,1
12753,0
17001,2
41598,1
17322,0
43201,1
41229,0
41854,0
19188,2
14421,0
18435,2
3953,0
8390,1
28516,0
39187,1
2667,0
41956,0
38405,2
27791,1
35751,0
18888,1
13084,0
25971,1
41069,2
4796,1
19905,2
7863,0
13393,1
11535,1
155,2
22616,1
25473,2
39174,0
28540,2
32404,0
3457,1
29204,0
4682,2
23261,0
21998,1
16401,1
4490,2
34751,0
39523,2
539,0
29492,1
42082,0
28138,0
11598,2
5089,0
3121,1
27794,1
33981,2
21203,1
38174,0
9544,1
6840,1
26024,1
568,1
32938,2
38948,0
25752,0
46605,0
34121,0
11392,1
15603,0
25568,0
1941,0
42914,1
33381,2
29845,0
33892,2
15535,1
19319,0
37075,1
28792,2
20235,2
11835,2
10030,2
31692,0
34795,0
47259,2
37208,2
7218,0
5691,2
23999,0
5066,2
26900,2
48388,2
19530,2
38543,2
31098,1
14127,2
46207,0
46474,2
17738,2
19250,0
36494,2
46723,0
32166,1
8497,0
30335,0
45002,1
37786,2
36747,0
25982,2
6783,0
44791,2
42305,1
43921,1
30170,2
34788,1
19390,0
11793,1
41251,1
7918,0
2820,0
10271,1
19932,1
25528,0
11794,0
10980,2
43524,1
12301,1
33715,0
42932,1
47492,2
4586,0
3591,2
45372,1
46319,2
9559,1
11149,1
13080,2
1013,0
34570,0
39979,1
31419,2
20694,2
15840,1
13176,2
28326,2
39892,0
39299,0
12908,1
46943,0
21938,0
20683,2
32954,1
41179,0
41299,1
21543,0
15251,2
35540,0
38381,1
41667,0
19991,1
8675,1
23368,1
43623,1
951,1
10181,0
19367,1
18710,2
4256,0
44910,2
48262,1
514,2
14521,1
46959,0
9777,0
36478,0
15144,2
48131,2
42757,2
18381,2
18719,0
44519,1
27030,1
28362,1
31071,2
11880,0
3830,1
24758,2
36783,2
18800,2
10741,1
31085,1
29432,1
46874,1
9050,0
13936,2
23463,0
47908,2
40820,0
10221,1
39599,1
14111,1
1375,0
48316,2
43830,1
39817,1
6727,2
44639,0
43052,1
26480,2
7295,2
33987,0
22390,1
25086,0
40276,0
9536,2
28139,0
38724,1
11409,1
29890,0
6335,1
25613,0
17788,2
14137,0
41989,0
46795,1
7764,0
2453,1
42099,2
44652,2
42112,2
47949,1
23925,1
46854,0
29784,1
31860,2
15376,0
46407,0
46226,2
35687,1
6601,0
37685,1
47552,0
14163,2
35499,0
26907,0
29234,1
8966,0
26626,1
45889,2
33527,2
43474,2
15031,1
29224,2
32443,1
28874,2
29447,2
7375,0
42504,1
13245,2
36496,2
47864,2
47649,2
31209,1
28144,0
13074,2
36806,0
47486,0
24848,2
22187,1
31672,2
39561,1
6274,1
39576,0
34014,0
44455,0
2656,0
13341,1
40648,0
25940,1
42031,1
4855,1
2918,0
23287,0
15483,0
12417,1
1019,1
6345,0
259,2
1729,1
9535,2
23216,2
3516,2
35088,0
22224,2
8951,2
44311,2
3993,1
19366,1
6304,0
7367,1
16020,2
34892,0
11206,1
32283,0
7721,2
8260,0
43000,2
32739,2
25659,1
45158,0
1306,0
43120,1
15770,1
43231,1
10387,0
10460,1
46385,1
40008,1
34865,1
2525,1
34243,2
31266,2
39476,2
24458,1
5147,2
42836,2
18006,0
42127,2
37240,0
16314,2
11406,1
14680,1
25401,1
19583,2
38463,0
2206,0
9134,1
29735,1
43555,0
42915,2
5792,0
42352,2
14903,1
43488,1
26533,2
34209,1
19150,2
40187,1
37670,1
32368,2
23891,2
9059,1
43091,2
46706,2
45550,1
26690,1
16451,0
43720,2
19765,2
34424,1
23585,0
4133,2
44021,1
13832,0
23276,2
6224,1
23760,2
1735,0
11038,2
16993,2
550,0
8245,1
3460,1
6841,2
42598,0
48215,2
21186,0
7982,0
28756,2
13109,2
44263,2
6896,0
34823,2
9427,0
20311,1
1068,0
28604,0
8459,1
38595,1
13454,0
2747,0
43593,2
27302,2
35957,2
29405,1
43343,0
43531,2
1633,0
12822,1
37169,0
45583,0
42920,2
29771,1
13545,1
45654,1
47564,0
3259,2
42310,2
16890,2
32915,2
16000,2
45468,1
31196,1
18089,2
27164,0
13688,2
47529,0
33020,2
3056,0
47184,2
34173,0
9355,1
8366,1
13868,1
37935,2
4165,1
6000,2
29521,2
15306,1
20486,2
29267,1
35671,2
23388,1
23012,2
11548,1
26791,0
12780,1
4152,2
5972,1
16071,2
1597,1
13029,0
19265,2
13400,0
40381,2
21187,0
27618,0
7194,0
46195,2
33428,1
40333,0
7422,2
20862,0
6268,1
41203,0
22486,2
4919,1
39680,0
42190,1
3673,2
11056,2
24619,1
6597,0
4991,0
7826,1
32556,1
14874,0
23575,0
2670,0
41522,1
6296,0
13420,2
38416,1
5827,1
37664,1
1688,1
17900,2
9180,0
785,1
21455,1
46942,2
42573,2
30203,2
42440,0
38030,2
40828,0
10790,1
20878,1
41048,0
5122,1
47218,1
14797,2
19714,0
45984,1
35932,0
23758,2
11929,2
15402,2
7139,0
30585,0
21870,0
14196,1
40957,1
25884,0
10314,2
16013,1
41458,2
36152,0
38167,0
28053,1
47226,0
6091,1
17363,1
19475,2
28267,0
17494,0
7665,1
23384,1
23776,0
8257,2
3787,1
42346,2
32477,0
15298,2
2877,1
8583,0
40993,1
14953,0
28240,0
38157,1
31444,1
14965,0
1897,2
46581,1
34001,2
45815,0
46309,0
23422,2
11157,2
37247,2
30570,0
41695,0
4502,2
8654,0
46611,0
31962,2
8121,1
45043,0
46440,0
24241,0
24481,0
31567,1
26824,2
29433,0
5157,2
37279,1
30290,1
28542,1
43684,2
42147,0
8636,0
16160,0
10983,0
3284,1
8418,0
14883,2
243,1
33220,2
35101,0
39404,1
33396,2
12278,2
38944,2
13506,2
28707,0
13415,1
19848,2
48218,1
15213,2
5414,0
26091,2
3531,2
28082,1
5425,2
14794,2
26757,2
12980,0
8123,1
17221,0
3585,0
43661,0
82,2
32865,1
10590,2
7837,2
13433,1
11998,0
20250,2
15075,0
24899,0
12404,0
24450,0
45856,2
9956,2
19649,0
44593,0
9127,0
37536,1
35115,0
35667,0
15647,0
32561,1
37566,0
35884,2
16930,1
16322,2
11035,0
7312,2
13023,2
10689,2
44736,2
11723,2
6410,2
29526,0
4861,0
29693,0
19998,1
3462,0
12947,1
44945,2
28672,1
20713,2
26837,1
33263,1
29564,2
42725,1
14005,0
14360,1
18995,1
38572,2
20924,0
28121,2
30795,1
15070,1
26057,1
23095,1
18639,0
21844,0
13122,1
8412,1
44854,2
28510,1
26592,0
17988,2
26148,2
47724,0
45912,0
12095,0
13833,2
47364,0
16528,0
42701,2
27671,1
26076,1
40238,2
10731,2
20384,1
16039,2
19761,2
16417,1
36293,2
36873,0
38347,2
27247,0
46009,0
34058,2
12734,2
43149,1
13588,1
33773,0
48123,2
42219,2
12216,2
35701,2
21379,2
2054,2
21415,2
38590,2
26,2
250,0
10895,2
6392,2
12285,1
39217,2
9328,0
9380,0
33771,2
27834,1
18731,2
47281,0
40939,0
4033,0
46967,1
18279,2
36498,2
30868,2
47122,2
46932,1
7150,1
17293,2
3370,1
48107,2
17563,1
12941,1
894,1
11389,1
44301,1
1341,2
28226,1
37004,2
39857,2
38369,2
32409,2
5522,0
3667,1
47579,2
27338,1
36650,1
45546,2
41524,2
18091,2
32634,2
8683,0
45968,1
21973,1
45104,0
45945,1
45734,1
13028,1
21590,2
27304,0
47933,1
7906,2
20528,2
25017,1
19101,0
35290,2
16887,0
14980,0
4946,0
9775,0
22470,1
47861,1
4282,2
335,0
42499,0
25113,2
38443,2
18031,2
37974,1
33021,1
36739,0
26485,0
22264,0
9578,2
34332,2
19420,0
21714,2
10531,0
1075,1
32549,2
48531,0
43375,2
19854,0
6433,0
14269,1
1465,1
30259,0
22375,0
37056,1
16295,0
20776,1
22635,2
6211,1
14848,2
37120,2
34971,1
21359,2
31793,2
7370,2
27903,2
39498,1
17386,0
43827,2
38693,1
12721,1
42747,0
7539,0
19289,1
43805,2
2143,1
17770,2
16380,0
38219,2
41688,0
33803,0
24538,0
38012,1
47232,1
24963,0
7199,0
47721,2
7619,2
43869,0
28015,1
19895,0
28843,1
5784,2
31522,0
38859,2
32274,0
17506,0
34946,0
26372,1
29083,1
6633,0
44695,1
19315,0
40294,0
8980,1
19860,0
16654,1
9965,2
32674,1
8976,1
12520,0
22694,0
30100,0
6423,1
40287,2
38563,2
11243,2
13,2
31495,1
34220,2
18485,0
30304,0
30653,1
3614,0
20813,1
5617,0
12254,1
8114,2
20646,0
24838,2
22755,2
32408,2
30333,1
38891,1
35478,2
25831,1
22493,1
23632,0
17868,0
43161,2
14978,2
25209,0
48304,2
21600,1
24857,0
22980,2
6572,2
36299,0
12160,2
26660,2
9600,1
24305,0
27795,2
41774,1
20639,0
45647,1
40575,1
37025,1
46720,0
34868,1
16205,2
3550,1
47352,1
38112,1
45364,1
33979,1
18151,2
3556,1
7565,0
24229,2
26468,0
22502,2
13809,2
16250,2
39390,1
14894,2
11747,0
22201,0
1014,1
43192,1
11486,2
16560,1
17803,1
42204,1
1227,0
1979,1
22602,0
15160,1
40317,0
36226,0
47310,1
27565,1
26761,1
10574,0
46643,1
25448,0
23186,1
48285,0
24954,2
6395,1
7437,1
34701,0
26517,1
15606,0
20792,0
22925,2
12597,2
42253,1
16170,0
13678,0
6116,2
5524,2
24533,0
28900,1
12487,1
504,1
29506,1
2954,1
3538,2
6026,2
23217,2
18458,2
14976,2
8008,0
21928,0
43584,2
19395,0
15609,1
28762,1
21862,0
46897,2
48459,1
11176,0
45099,0
45864,0
37828,2
16848,0
33761,1
19925,2
27064,1
24022,0
16899,2
17617,1
22073,1
25116,1
47278,2
11892,0
30092,2
11898,0
16968,0
48235,0
12851,2
6122,0
20997,2
35577,2
28942,2
2251,1
24395,1
31151,0
13231,1
40374,0
15580,2
3442,2
36284,1
14735,1
19119,1
33824,0
32033,0
19226,0
40017,2
16092,2
2763,0
31409,2
11310,1
10694,2
837,2
4846,0
26772,0
32598,1
22059,0
12229,1
25536,2
7401,1
39736,1
43313,1
34646,1
19950,1
19963,2
8588,0
10378,2
13362,1
20768,2
18004,0
7781,2
29305,2
31757,0
20226,1
2812,1
5484,0
12067,2
34160,1
13800,0
24025,0
3662,2
28925,2
6226,0
32985,2
15086,0
37209,0
29619,0
13305,0
5438,0
17947,1
27211,2
31579,0
37239,2
17393,1
22720,0
7024,2
28973,1
45886,2
23664,1
17637,2
31369,1
22042,2
35233,2
20185,0
41586,0
34977,0
20614,0
35991,0
1059,0
1538,0
43019,0
42756,0
8647,1
47651,2
48103,0
31407,2
45823,1
2944,2
5048,2
9130,2
41384,0
24756,2
23988,2
17055,1
21825,2
32884,2
20972,1
31759,1
30175,0
9284,1
11620,0
19603,1
45202,2
33231,1
3615,1
10836,0
5741,1
19283,2
33511,1
16090,1
41127,1
33103,0
31231,2
34404,2
23967,2
12707,2
31806,0
26500,2
1990,2
25439,0
15282,0
42377,0
26805,2
34174,0
20540,1
45904,2
4714,0
5140,0
32344,0
32695,1
16803,1
16548,2
19640,2
45180,0
44349,2
43774,0
8630,2
18764,2
25891,1
2653,2
12670,1
5880,2
43076,2
8376,2
46676,1
37359,2
33243,0
36237,0
6529,1
40617,2
792,1
38701,2
7983,2
42579,2
11115,1
31218,1
42152,1
48644,1
18514,0
12040,1
8013,0
30096,2
5585,1
8955,2
35241,1
32145,0
24125,2
44491,0
17491,1
23044,1
35750,0
13138,2
47006,0
19556,0
24553,1
2528,1
44845,2
31014,1
41005,1
32512,2
29137,1
1848,0
24962,1
46291,1
31723,0
24831,1
47930,1
40739,2
42053,1
14433,1
28780,0
38925,2
27248,1
45811,1
25815,1
30937,0
5783,1
47585,0
35935,2
7534,0
15927,0
34789,0
45730,0
41278,2
12765,1
20911,0
15257,0
22179,2
28532,2
10351,1
19214,1
25197,0
14365,2
39852,2
31481,2
41739,1
6566,2
1772,1
31808,1
31902,0
42166,1
28841,1
42002,0
40152,1
47067,2
13327,1
44731,1
33808,0
28905,0
29762,2
2509,0
37262,2
3004,2
34203,0
27067,2
42340,1
37713,2
11482,1
10343,0
3361,1
27886,2
3683,2
46366,0
39376,1
39631,2
39660,0
2939,1
32473,2
13850,0
23286,2
43650,1
33996,2
6053,1
37341,2
33903,2
47417,0
12284,2
18745,0
41563,2
16664,0
18545,0
43287,1
13607,1
27721,0
6951,1
10580,1
20926,1
29709,0
32862,1
6363,0
28460,0
2213,1
10434,0
33048,2
10787,1
46433,1
37899,1
37104,1
35512,1
14962,2
34810,1
8085,1
14745,1
44091,1
8871,1
10682,0
44365,1
6052,2
23218,2
40946,1
26331,0
23452,0
42874,1
41075,2
6251,1
30700,2
14277,2
21656,0
15721,0
13883,1
36291,2
23500,0
48003,1
39488,0
34759,2
2460,0
10802,2
10500,1
24959,1
6136,1
41443,0
19149,1
20043,1
29202,0
14799,1
4284,2
31381,1
25800,1
4139,0
24041,1
18571,2
31225,1
30871,0
3044,0
34952,2
26670,1
20666,2
26120,0
37644,2
6776,1
28614,2
15219,2
24573,1
27584,0
2352,1
27836,2
6487,0
39195,2
15957,2
32554,2
14990,0
27989,2
24296,2
28272,0
6089,0
25682,1
31486,2
38816,0
39095,2
7102,0
1776,1
22459,0
42644,2
11,0
36018,1
8940,1
25201,1
48619,0
12708,2
13658,0
11728,2
40747,2
43476,0
14629,2
41755,1
39121,2
46114,2
17601,0
1195,0
38490,1
1640,2
32401,2
37321,0
41735,2
25741,1
47614,2
6371,0
26292,0
40731,1
4835,0
26941,0
27857,1
11677,2
1298,2
20008,2
1466,2
17945,2
35923,0
1807,2
10639,1
11914,2
5576,1
48069,2
44369,0
37267,0
34345,0
30181,0
7689,2
9997,2
3433,1
317,2
22760,1
9735,2
9817,1
11919,2
13413,1
29896,1
37910,2
47481,0
48486,0
11671,2
35714,1
39834,1
5359,0
7254,1
28322,0
40980,1
20871,0
45230,1
7019,1
28860,0
12786,2
44127,2
19350,2
48675,0
2285,2
12773,0
42991,1
33976,2
3033,1
9878,1
38670,0
25692,1
1832,1
13870,1
5845,2
8231,0
38308,0
17597,2
48450,0
2624,1
19703,0
20732,0
11503,0
41018,0
301,0
20496,2
35484,1
39057,1
7731,0
36855,0
24522,2
20804,1
12108,0
7855,1
15112,2
12338,0
7884,0
26332,0
16971,1
20237,1
18158,2
43351,1
19960,1
19484,1
17377,0
13630,0
43586,1
36324,2
32105,1
11603,0
48200,1
37135,0
42523,2
7339,2
40822,2
34387,2
12644,1
42814,2
27654,1
16216,2
40196,2
30910,0
18837,2
41175,1
36770,0
25419,0
19642,2
41275,0
25846,1
32280,2
39696,0
3943,0
21377,0
16766,0
26613,0
3545,0
35801,1
2927,1
5277,0
17676,1
21470,1
7361,2
41427,2
46157,2
18345,1
6586,1
48399,0
8169,1
23742,2
39004,2
10094,2
9437,0
1878,0
6272,1
43430,0
44028,1
26458,1
40821,2
19715,1
20989,2
42913,1
35547,0
36232,2
25877,0
9833,2
14112,0
32362,0
32398,2
33430,0
37224,1
15835,1
10259,1
30116,1
40408,2
120,0
47851,0
21874,2
9548,0
43036,1
29359,0
18403,0
42373,0
12923,0
34333,0
16519,2
39637,2
18702,2
18636,0
15615,2
41945,1
10405,2
43168,1
46315,1
29095,1
42461,2
13004,0
46497,1
35254,2
37154,2
32585,0
30099,1
21073,2
11111,1
33846,1
17896,2
7492,1
34745,1
34811,2
9443,0
10189,0
18026,0
43777,1
9818,2
38023,0
15457,1
29516,1
19527,0
21876,1
16867,2
9501,2
46441,0
19781,2
11353,2
24856,1
47711,0
23996,1
31400,1
41611,1
44856,1
7409,0
29172,1
780,0
4601,2
9308,0
17763,0
23004,1
3706,2
24421,0
17897,2
30439,0
19429,1
7530,0
41858,1
37750,2
36686,2
3761,0
23732,0
28404,0
40429,2
37572,2
35616,2
25250,1
48212,2
20401,1
27723,1
3128,0
26064,0
18533,1
27566,2
2411,1
16697,0
11905,1
15614,2
19908,1
18523,0
14633,0
48532,1
10349,1
574,0
4629,0
6534,0
31193,0
39209,2
39491,1
9619,0
35805,2
39651,1
40931,0
7971,0
22024,1
5511,1
1840,2
29297,2
17369,0
39699,1
14070,0
37297,0
12185,1
15037,1
30482,1
2204,0
32522,0
46717,1
27875,0
2441,1
35396,0
15349,1
17452,1
36062,1
32337,1
10508,1
24526,1
12333,2
38409,1
2017,1
24233,0
37443,1
7835,0
2791,0
8986,2
34528,1
3126,0
20662,1
42680,1
37888,2
46521,1
48347,1
18494,2
40555,2
11742,0
13018,1
17525,1
21517,1
24123,2
8776,2
2764,1
32627,0
36566,0
26357,0
44981,1
27406,2
2727,1
8458,1
12090,1
31580,2
1412,1
22167,1
34661,1
33438,0
6972,0
9591,1
10765,2
34818,0
17033,1
11553,0
39734,2
42160,1
11181,2
9362,1
19775,2
36184,0
21213,0
6755,2
1360,2
43706,0
39738,2
20408,1
4214,0
31040,1
20172,1
43939,1
28786,2
15091,2
46296,0
3954,1
45111,2
37804,0
20624,0
26032,0
7555,0
25260,1
32961,1
42927,1
37453,1
36821,0
4664,2
37581,1
19793,0
38048,1
6132,1
10265,0
25314,0
30800,1
14586,2
46358,1
46329,0
10555,1
41194,2
6133,1
25368,1
36939,2
5575,2
45616,0
32998,2
32140,2
714,0
18166,2
12942,1
25719,1
27463,1
30370,0
12479,0
37388,0
39935,2
20689,2
9219,1
46530,0
30623,0
13365,0
20602,0
31616,2
46998,2
43691,0
16512,1
42882,2
40496,1
28945,1
12253,2
42208,2
557,0
2659,0
20774,0
13463,0
41498,2
17835,2
45282,2
33844,0
13871,2
27303,2
29646,2
26065,1
29987,0
8315,1
36918,1
17919,2
47195,2
45409,0
40972,2
47076,1
21033,2
18962,1
43526,2
8739,1
38209,1
46150,2
11511,1
4743,0
42911,2
35498,1
45144,2
45278,1
18365,0
39913,0
33742,2
34642,1
14493,2
6208,0
28476,1
17764,1
8706,1
44014,0
33294,0
23723,2
4277,2
25137,1
23788,1
14810,2
14950,1
12382,0
22185,1
27295,2
29374,2
36400,1
38847,2
15454,1
33624,1
1580,1
15013,0
22867,1
7238,0
17434,2
26984,1
31240,1
48590,1
23800,2
6537,0
44006,0
17675,1
12281,0
44011,1
13863,0
36710,1
44755,1
422,1
31293,2
932,0
30459,1
21236,0
40122,0
14565,2
31352,2
42075,0
12992,2
3163,1
23233,1
44260,1
26654,2
23498,0
14983,1
9719,2
22522,0
9420,1
5552,1
20439,1
44023,2
26188,1
2361,0
2216,0
5578,1
9459,2
22704,1
6774,1
19782,0
32641,1
37943,2
4374,1
45843,0
45910,1
27746,0
43988,1
27923,2
36479,1
26296,2
2198,2
27639,2
35656,1
25938,0
32036,2
4625,2
39341,0
15350,1
37480,0
34579,2
30658,2
14015,2
36309,1
33409,1
14419,0
403,1
19550,1
8492,0
31468,2
34084,1
37106,2
48063,2
9594,2
16880,0
263,2
2077,1
13411,2
15408,0
24173,2
34715,2
36522,2
5242,0
6173,1
33085,0
41978,1
5708,0
35893,1
28680,1
12337,1
24251,2
24772,1
34676,1
25616,0
32758,1
864,2
27669,2
44425,2
27008,2
31739,1
36343,0
43587,2
32065,0
18446,0
37416,0
35889,0
16945,1
17522,0
23820,2
31910,0
10395,1
30520,1
22903,0
30518,0
30589,0
34979,2
17380,1
8867,1
37060,2
20733,0
9774,2
8324,0
47420,0
35457,0
16919,2
10931,2
30796,2
25095,0
42245,0
16272,1
28962,0
21524,2
7794,1
28821,1
46693,1
26198,2
25430,2
8091,1
24320,2
14009,0
33300,0
20167,0
7675,2
33041,2
20944,1
47596,1
37043,0
45661,1
36490,0
8148,1
45525,1
27739,1
37092,0
2215,1
45150,0
8490,2
790,0
16035,0
34816,2
14656,1
30970,2
36875,0
30345,1
38990,2
9601,2
42714,0
15808,2
48435,0
10029,0
16995,1
12522,2
13575,1
5295,2
44219,0
5010,2
21546,2
9067,2
37777,2
38741,2
34030,0
10439,2
7510,2
19741,2
18402,0
1526,2
40261,0
15559,1
25667,0
40290,1
2147,2
43550,0
27956,2
3603,1
17134,0
45301,2
38050,0
21072,0
17643,2
21662,2
44653,1
35093,2
6987,2
23127,2
28461,0
23430,0
18388,0
35118,2
19719,1
44534,0
40988,0
7905,0
25998,1
37459,0
32276,1
28981,1
22887,2
43796,1
14862,1
30036,1
23807,0
22589,2
7801,1
18034,1
39618,0
40965,2
11694,2
26376,0
19342,0
36329,0
15117,1
22170,2
24077,2
19170,2
6455,2
2725,2
34382,0
12360,1
46388,1
24527,2
2357,0
22025,1
12936,0
248,1
14571,1
47762,2
7410,1
41657,2
26621,0
36426,1
13116,1
47570,1
32455,2
5886,1
36765,2
10043,0
22063,0
31190,2
14930,2
41506,1
24046,1
5531,1
7480,0
34294,1
36729,1
42201,1
36285,2
2457,1
11059,1
104,1
24429,2
40204,0
38155,2
8790,0
48505,2
5586,0
18674,2
5760,1
4542,0
33369,0
37396,1
22252,1
4547,2
28688,1
18070,1
11040,0
18286,1
15320,1
41480,2
37319,0
45911,1
29244,2
14730,2
33905,1
29690,0
47204,0
7304,1
36423,2
8985,2
1155,2
11829,0
47487,1
5171,2
29876,2
26746,1
30540,0
6749,1
17225,2
35657,0
17533,1
42509,2
9917,2
4391,0
1748,2
17552,1
18192,0
29087,1
18645,2
30706,2
4725,0
40165,2
45705,1
38102,2
33702,2
41056,0
23731,2
9068,1
7669,2
35171,1
45901,2
14042,2
10284,1
27496,1
4627,1
4184,0
10830,2
17658,2
10516,1
5825,1
28565,1
43705,2
4189,1
10283,2
44626,2
7723,0
7671,1
38839,2
1883,2
45121,1
8383,1
20438,0
25016,0
26768,0
30894,2
614,1
46330,2
24385,0
21161,0
4296,2
26783,2
27358,1
47813,1
24202,1
1753,1
23661,1
19586,0
43245,2
18997,0
17189,2
44283,1
48225,2
39350,0
13662,1
37600,0
33548,1
19852,1
30240,1
1890,1
6837,0
43993,2
9889,1
35271,1
22609,0
10266,1
22940,0
2066,0
26616,0
39662,0
6010,0
22768,2
19522,1
21496,0
21722,2
18269,0
16127,2
43386,0
47317,1
45390,0
8691,0
45105,0
1020,0
3113,0
13022,0
30568,0
28658,1
35085,1
14088,2
17431,0
742,2
17042,0
16074,2
8027,0
16881,0
37665,2
36609,2
351,1
30097,2
30497,2
26742,1
36117,1
6233,2
40096,1
27580,0
15267,1
42779,1
39000,1
6428,2
34172,2
1131,1
12813,0
15020,0
5237,0
20365,2
25987,2
22092,0
28773,2
1077,1
3095,1
43813,1
35591,0
34607,1
7869,2
12882,0
16413,0
34433,2
41177,0
39349,1
43897,0
44965,2
25749,2
14162,1
23883,0
14055,1
9781,1
21265,0
33496,2
207,2
43112,2
18263,1
34136,2
36956,0
4279,2
24678,0
30778,0
46128,0
39248,0
20820,2
45291,0
11858,0
14271,0
2089,1
26596,1
30819,1
13600,1
41060,1
789,2
4400,0
38170,1
28957,2
31972,1
31399,0
3043,1
30683,1
12170,2
32384,0
30134,0
10243,0
13158,0
13221,1
30195,1
31765,0
14820,0
32873,1
849,2
31263,2
16774,2
28403,2
25400,2
4630,0
25861,0
3814,0
42394,1
46317,2
47370,0
36244,0
21282,0
1830,2
29139,1
37405,1
23240,2
30678,2
11013,1
3625,0
24426,1
41909,2
12824,1
38961,1
9105,2
17050,2
11119,0
22953,0
45489,1
29298,2
35529,0
13640,0
15292,0
27498,0
8184,0
7299,0
15646,0
22173,2
18452,1
27349,0
23536,0
39953,1
10353,1
26366,1
4759,0
20015,1
2421,0
14722,1
11200,0
22790,2
32988,1
13856,2
19739,1
15501,1
26299,0
1599,0
19329,1
43782,2
36550,0
5044,1
27108,2
12013,1
42719,0
4304,2
12636,1
18099,1
26189,0
19183,1
12085,1
5696,2
24537,0
35386,0
32018,2
27950,0
19625,2
9171,2
37340,1
38240,2
43746,2
38895,1
45957,1
44723,1
25731,1
33851,1
25968,2
12667,1
16822,2
25119,0
16333,1
14480,0
44942,2
9428,0
46718,2
24736,1
46486,0
22261,2
20403,0
19975,1
9268,1
45534,1
45452,2
40863,2
4260,0
1050,1
33230,1
9317,1
5814,0
18449,1
26226,2
39920,2
44726,1
44902,2
14455,2
34189,2
28571,1
9690,1
27047,2
12299,2
17878,1
5229,0
20225,0
6252,1
30979,0
44402,1
30681,2
29132,0
42093,2
32372,2
47677,2
38306,1
44826,1
9265,2
46332,1
24094,0
20973,2
34792,2
4596,0
11960,0
1952,1
34292,1
35568,1
24705,2
6717,0
35567,0
12368,0
10783,0
47634,2
5753,2
21981,0
23681,2
16907,0
34472,2
25060,1
30415,2
21837,1
11916,2
10799,1
18468,0
2586,0
27900,2
34610,0
36222,2
32336,0
30705,1
35941,2
7108,1
17966,2
22787,0
45851,0
26719,2
14204,2
21124,1
5440,2
6452,2
37759,1
18337,2
7940,0
40726,1
43164,0
38118,2
47648,1
27077,2
16830,1
33570,0
21674,1
19336,1
47297,2
43122,0
4177,0
29254,0
46314,1
4566,1
15826,1
3153,1
7573,0
29899,2
15060,0
10850,1
41059,0
28678,2
14798,2
34081,1
11256,1
3594,2
26409,2
14914,2
25089,1
31875,2
12852,0
28696,2
45865,2
7431,2
22762,2
38486,2
3424,0
14564,1
18695,0
42070,1
20215,2
21982,1
42955,1
22446,2
26532,0
16789,1
28154,0
43152,0
3131,0
31057,0
34301,1
12348,2
35652,1
7052,1
47051,2
38454,1
16157,2
34587,2
8195,0
35273,1
18829,1
13663,0
40738,2
21932,1
5619,0
34079,1
9539,0
33486,1
26230,1
32110,2
35163,1
39113,1
10364,2
9352,0
24715,1
21739,1
39257,0
30787,1
19503,2
42089,1
40520,1
14606,1
7707,0
23180,2
46396,0
4842,2
9904,0
21730,2
7098,0
15053,1
8837,0
23669,2
33293,2
28246,0
128,2
36572,2
6171,1
1495,2
34465,1
22169,1
38786,0
24274,0
1896,0
40535,0
25887,2
798,1
13723,2
8946,2
35327,1
17242,2
17310,1
20636,0
41483,0
13710,0
36678,2
20032,0
24270,2
30468,2
30852,0
22999,0
32263,2
11944,0
31582,2
36020,0
981,2
15268,2
16573,1
10320,2
24143,0
9003,2
44034,2
23617,2
40299,0
20511,2
43886,2
39931,2
8264,2
6760,0
26453,0
2098,1
7022,0
13301,1
34663,2
31997,0
32912,2
46924,0
36561,1
7468,0
28334,1
5703,1
43387,0
9125,2
29208,2
38671,2
41516,1
31552,1
29539,0
11761,0
12118,1
38792,1
38100,1
43898,2
24016,0
40390,2
37468,0
8974,0
45074,0
40143,1
4113,1
42164,1
4360,2
29005,0
48597,1
44098,1
19983,2
827,2
3686,0
27058,1
36499,0
23977,0
7979,1
36921,2
38688,0
47746,0
48379,0
21813,0
5099,2
29226,0
12110,0
38062,0
5540,2
19812,1
27725,1
34353,1
3208,1
7885,1
8741,2
26787,0
9993,1
3221,1
29340,1
36217,1
0,0
42939,2
14968,1
16175,1
1536,0
44543,0
9725,2
47490,2
19206,2
20916,2
33871,1
17826,1
34542,1
8727,1
47736,0
30604,0
39554,0
12244,0
1508,2
17210,2
26457,0
33926,0
31836,2
33484,2
45171,1
47461,1
27065,2
28674,1
25713,1
5815,0
41952,1
19637,1
33131,2
41689,1
8545,0
44337,1
30499,0
47140,0
15777,1
35776,2
34945,2
42531,2
29376,0
13502,0
35716,0
43078,2
8199,0
47437,1
14057,0
44253,2
44851,0
9464,0
22089,2
13504,1
40987,1
15304,2
2442,2
45689,2
22698,0
25533,1
22128,1
2825,2
12515,1
20818,2
7066,0
22455,1
42381,1
47229,0
47458,1
19297,1
33934,0
9695,2
33313,1
6510,0
16705,2
11437,1
8620,0
719,2
37539,1
47220,1
38858,2
7607,0
29560,0
1669,0
35200,2
10041,0
40562,2
14524,2
25097,0
34560,1
8743,1
40133,1
33431,0
11085,1
9368,1
5361,2
26390,2
13858,2
30486,1
22814,2
38016,2
36697,1
12962,1
19037,2
23703,2
18376,1
29458,2
44043,0
8193,1
46868,2
43367,1
30163,2
32116,2
10433,2
33404,1
208,0
21391,1
41113,1
46228,0
195,1
11519,1
45684,1
18640,1
26527,0
13313,2
41090,1
995,1
5573,0
27981,1
34595,1
36212,2
4393,0
25901,1
39946,2
5160,1
42416,1
23297,1
28012,1
6493,1
10407,2
26866,0
25961,1
1726,0
6969,0
29285,2
5854,1
15183,0
28151,0
26910,2
33549,2
27022,1
37211,1
31491,0
18298,2
46106,0
45766,1
42566,1
13522,0
10928,1
38335,0
11134,1
16024,1
34304,1
965,2
9752,1
45612,1
17958,1
46843,1
13071,0
36442,1
39564,0
9030,0
29191,2
32659,2
13513,2
24827,2
30878,0
16841,0
25361,2
45706,0
389,0
22553,2
41836,2
27994,1
37332,0
43981,0
36404,2
18355,1
3575,2
28358,2
1920,2
42824,1
12302,2
27631,0
25745,0
13085,2
33076,0
26999,1
3161,1
20049,0
43962,2
43567,1
25716,0
20148,0
9620,2
7417,2
5222,0
30648,1
15165,0
32502,1
1782,1
39107,1
38104,0
17212,0
9267,0
28864,0
17642,0
10660,2
15913,2
25327,1
29360,2
41055,1
8651,2
5024,0
21550,1
22149,0
27458,2
23471,1
22923,2
19142,0
47793,1
26651,0
30934,0
17400,0
23390,1
21190,0
37730,2
11800,1
8766,0
40360,1
32883,0
36826,2
36827,2
39089,0
2392,2
47082,0
34268,2
18451,2
20042,0
41627,1
161,0
26896,0
23439,1
45909,0
4967,1
41484,0
8202,2
27674,0
39104,2
26080,2
32513,2
36883,2
36861,0
30080,0
30220,2
738,1
2444,0
39316,0
3360,2
14083,1
34265,0
1856,2
39643,2
7574,1
5351,2
6826,0
19072,2
23688,2
36957,1
48257,2
15691,2
19344,1
4197,0
11563,0
43080,0
26369,0
38892,0
46691,0
10599,1
13508,1
33111,0
34574,1
13686,0
14037,1
11507,0
38251,1
28127,0
1471,2
26482,2
20919,2
10891,1
20247,2
47972,0
33337,0
22415,0
33582,1
9958,2
21697,0
29572,0
6516,0
6812,1
33095,0
13500,2
1564,0
27281,2
29705,1
26711,2
3570,1
37780,0
6589,2
25644,2
20594,1
35020,1
43885,1
30815,1
4562,0
30632,0
7958,1
169,0
17583,0
20476,0
41806,1
38303,2
35643,0
358,2
15248,1
39796,0
34739,1
41357,2
32813,1
37079,0
4652,0
17849,1
7652,1
21046,1
36396,1
27686,2
33455,1
17201,1
45335,2
20087,1
22083,0
19919,2
38265,0
39397,1
29163,0
44138,1
10722,0
45748,1
47361,1
1604,1
38813,1
26993,2
7280,2
34874,2
16655,2
17342,1
10145,1
3318,1
34962,2
6676,1
47925,0
25766,0
3880,1
29190,0
39582,1
32463,0
18078,2
30313,2
42857,2
22518,2
1833,1
5286,0
12845,1
39644,2
15283,2
35315,2
29459,2
13140,1
35975,1
26318,1
37111,2
4416,2
39317,2
25142,2
11900,2
34413,0
24867,0
9638,1
32784,0
42122,2
41442,2
6068,2
33831,0
22101,1
43946,1
26494,2
39969,1
9732,0
25109,0
6003,2
21317,2
48645,1
38360,2
16161,1
27090,2
15196,2
17294,2
28637,0
48210,1
13899,0
43422,2
15011,2
28802,0
12100,1
20405,1
21832,1
33781,2
39776,0
21855,1
37908,0
40865,1
28215,1
4295,1
13518,1
32077,1
2623,0
11543,1
38719,2
21631,1
11218,0
14866,1
13226,1
11518,2
6383,1
3763,2
23627,0
6704,1
35597,1
32199,1
10262,0
45106,1
48551,1
825,1
2431,0
860,0
34711,0
38197,2
47546,1
44404,0
10786,1
2783,1
20484,1
40727,0
47359,1
37720,2
45515,1
43604,0
47292,1
20189,1
36038,2
17768,2
16686,2
33845,1
28049,0
44389,0
10498,0
5354,2
31627,0
41293,1
44889,2
2170,0
31327,1
29894,2
10278,2
38798,2
47179,1
45718,0
525,0
19544,1
751,1
3558,0
20001,2
46835,0
5648,1
25555,1
24935,2
14038,1
38707,0
3948,1
23652,0
32718,0
10513,0
27186,2
39031,2
10167,0
18259,2
46138,0
38722,2
33818,1
5752,0
7670,1
6157,2
46516,0
23646,0
43099,2
3942,1
12481,0
28395,1
24100,1
17986,0
35742,0
19815,2
10772,0
35960,1
21559,2
34540,0
10791,2
40297,1
575,0
43442,1
45060,2
47528,1
6751,0
23158,1
1433,1
34289,2
20886,1
30724,1
4029,2
23263,2
29028,2
35821,2
6645,2
34664,2
6207,2
9698,0
30005,0
29850,1
482,2
41412,1
30735,2
5364,2
5394,1
3483,2
47554,2
586,0
17327,0
31393,2
35428,1
29884,2
25926,1
17856,1
30688,1
33206,1
46105,0
25469,2
41495,2
44717,1
46546,2
33990,2
9261,1
25445,2
31918,0
42896,2
23540,1
43072,1
19648,2
36964,1
15362,0
27125,2
30982,1
14211,2
8920,1
10981,1
15496,1
31766,1
30768,2
25229,1
9880,0
20325,2
3927,1
12238,1
20005,2
31155,0
6295,1
4784,1
26229,1
42353,1
30798,0
27847,1
11749,1
13442,1
46453,2
5086,1
22715,0
6581,1
45639,2
42971,2
20899,0
32651,2
24652,1
12968,2
14105,0
21085,2
7557,0
7848,0
34653,2
5121,0
16976,0
24640,0
46308,0
23748,2
47550,2
14424,2
2736,0
12647,0
192,1
25754,2
766,1
25541,0
19357,1
32636,0
7521,1
6889,0
20057,1
11258,2
40110,1
18401,1
38555,1
18822,2
40710,1
13629,2
10982,1
29703,2
26930,2
20917,0
8674,1
37,1
29620,0
25146,2
8218,0
41969,0
1242,0
31422,1
11231,2
43687,2
33585,0
5598,0
17852,0
16455,2
1138,2
2973,1
7702,2
25213,2
45371,1
24362,2
47944,1
48331,0
38390,0
46644,1
45742,1
38975,2
22914,0
7364,2
10676,2
7735,1
2449,0
44817,0
13818,1
45337,2
21165,2
26112,0
365,2
39897,2
10659,1
28323,2
42904,2
1998,1
23244,0
28055,1
36025,0
12939,1
1401,2
31688,2
28730,0
41517,2
40406,1
5387,2
35344,0
13602,2
1579,0
33476,0
41959,1
17171,0
17094,1
43888,0
22191,2
22135,1
14897,2
31412,1
3187,1
38881,2
34045,0
20561,1
1668,0
42106,0
32964,0
4076,1
44947,1
46426,0
39249,0
853,0
27824,0
23215,1
16407,1
42464,0
29747,0
17373,2
28563,0
7060,1
30167,1
27962,0
36757,0
11654,2
37602,2
2539,2
29659,2
19495,0
298,1
23957,2
16479,0
32485,0
46109,2
2838,1
33180,1
9577,2
31760,2
14146,2
27185,1
4424,2
21070,0
28538,1
48396,1
6163,0
33619,1
38431,1
14099,2
3468,0
40216,1
1428,1
3104,2
16125,2
15072,2
26914,0
40180,1
30837,0
18498,0
27075,1
43327,2
35521,2
41230,1
27786,2
44478,2
896,2
48415,0
33830,1
5126,2
4264,2
41904,0
1033,0
5224,1
31004,1
9831,1
2193,0
11068,0
14607,0
35902,0
38196,0
30687,2
36453,2
48679,1
44588,0
22817,2
6767,0
40860,2
27970,0
35094,2
11959,2
45807,0
10380,2
46811,0
38926,2
5767,1
25572,1
39417,0
497,0
38657,0
8958,1
15238,0
39333,1
43089,2
6015,2
19842,0
47498,0
3013,1
21578,0
14597,0
33190,2
12994,0
19305,0
18375,1
21912,2
32223,1
33134,2
42845,2
34694,1
39735,1
4506,2
22081,1
33126,1
11785,0
1041,1
4475,1
6178,0
43185,2
45747,1
1763,2
44533,0
30010,1
45038,2
42699,0
19774,2
6466,0
38143,2
5018,1
45777,1
38362,0
38653,1
27774,2
20936,0
35520,2
2244,1
17672,0
13869,2
25852,0
22986,2
32413,1
19300,1
28964,2
39747,1
10657,2
36599,2
18025,0
4298,2
38162,2
25294,0
47962,0
11757,0
5439,0
43633,2
19676,2
9145,0
22448,0
40890,0
17272,0
18289,0
25602,1
10355,2
7791,0
48119,0
13227,2
38033,1
45958,2
2482,0
9646,1
25585,0
29660,1
40559,2
13763,2
42358,1
8249,0
46401,2
12557,2
6603,1
4607,2
31003,0
25276,2
13826,0
15143,1
37352,2
25356,0
22776,1
45985,2
46316,0
40198,2
11542,2
400,1
23432,1
32663,1
18632,1
2409,0
29344,0
37995,0
2500,0
25818,1
116,0
34397,0
3106,1
29663,0
5312,2
5246,2
30176,1
32526,1
11680,0
8993,2
33281,2
30078,1
939,1
17593,0
7897,2
17561,0
27242,1
2786,1
34899,0
683,1
16896,0
8924,1
18765,0
33235,0
12489,1
35061,2
26167,0
8167,0
26029,2
9256,0
27477,2
14273,1
4807,2
16710,2
20115,1
9598,0
37505,0
30512,1
21276,1
21508,1
31814,0
22588,0
47255,1
41316,2
18771,0
20073,1
31985,0
6432,1
7774,0
47678,0
37452,1
18122,1
48356,1
44329,1
29016,0
18015,2
36516,2
25547,0
37245,1
7797,1
13837,1
21064,1
14754,0
47900,0
20033,1
47223,1
44112,2
20894,0
9846,2
8378,0
38551,1
47943,2
962,0
5113,2
16680,0
10079,0
47072,0
39826,1
44998,1
31067,2
38836,0
28978,2
2221,0
28355,1
456,2
19324,0
28757,2
24490,2
6546,2
17382,0
10386,0
31246,0
28165,0
26089,2
2294,1
32047,1
19872,2
36872,0
31279,2
35561,1
29590,2
33529,1
7998,0
21967,2
40506,0
7712,2
35116,0
27773,2
8709,2
41812,2
16202,0
24379,0
12788,0
546,2
3489,2
3528,2
6637,2
6817,0
8210,2
4163,2
14144,0
22062,0
9890,0
2513,0
26751,2
34156,2
22750,0
9765,1
41873,2
563,0
40591,2
5568,2
29212,0
32493,2
18678,2
9000,1
22674,1
35445,2
27439,0
18790,0
43094,0
22398,0
34640,1
12554,2
16749,2
30022,1
31623,0
24630,2
36801,2
19243,1
17313,2
21818,1
38940,2
21547,1
12862,2
40,0
39250,1
13466,2
30364,1
29251,1
3647,2
5124,2
37707,0
47279,2
29995,0
6508,0
40145,0
36350,0
29316,2
33282,2
2483,2
29971,2
10006,2
8306,2
25193,2
25403,0
17769,2
23545,2
36906,1
43902,2
15599,0
38094,1
47053,1
16053,1
46750,0
40623,0
28010,0
29682,1
46247,0
29712,2
40629,1
19869,1
24643,0
37564,2
36123,1
28566,2
8049,0
24250,0
31605,0
21185,1
24269,0
32063,2
29770,1
46599,1
12191,2
46427,0
36813,1
5651,2
26074,0
21514,1
32946,0
28065,1
282,0
36823,0
31424,1
47783,1
13536,0
18774,2
34988,1
3376,0
5974,0
24050,0
24391,1
13483,1
20861,0
40181,2
8558,0
5186,1
16860,2
16493,2
34431,0
5046,2
33104,0
48464,2
26348,2
19664,2
20881,2
38642,2
33449,2
4401,2
45993,1
5546,1
7020,0
24657,0
5738,2
34775,0
47975,1
15241,1
6072,2
48591,2
30734,1
10910,0
7910,0
22055,1
25509,2
35142,2
33692,2
35160,1
40942,1
29077,2
44545,1
44451,0
32536,2
11884,2
31882,1
11813,2
36903,0
48573,2
20677,1
30180,2
25431,2
4723,1
30477,2
3632,2
24787,1
5497,2
32576,0
45848,1
46887,0
30719,1
16906,1
67,0
28218,1
5745,0
29113,2
13877,2
43457,2
37958,0
22266,2
9625,2
23094,1
10317,0
48042,2
21339,0
26733,2
14632,2
30142,0
34327,0
32437,1
25174,0
25267,0
28124,1
23951,2
44315,0
8187,1
23078,1
47323,2
34208,1
9503,0
32876,1
46498,1
6576,1
42037,2
11479,1
17781,1
6260,0
25506,2
37761,2
26354,0
21595,0
23395,0
4355,0
7224,0
38529,1
10623,2
47971,1
33082,1
27184,1
3343,1
11977,0
6580,2
44280,0
45994,0
44032,2
3712,0
34920,0
33988,0
33749,0
34554,1
32439,0
40743,0
3798,0
33432,2
26639,0
5034,2
46649,2
10183,1
18106,2
16724,0
36047,1
16515,2
36455,2
48598,2
19059,1
28006,2
29421,0
34118,2
37151,0
7377,0
4386,2
26502,0
1930,2
27404,2
24651,2
44358,1
9476,2
19194,1
11255,0
8840,2
45075,0
29206,0
5125,1
20564,1
35097,0
26268,0
22798,1
15455,2
46893,2
27454,0
15568,0
43502,2
48185,1
1725,0
28527,1
43233,0
43516,0
7920,1
1944,0
7833,0
39101,0
41877,1
637,0
33464,0
21990,2
28847,2
28415,0
1877,0
48076,2
3458,1
29913,2
45316,0
32418,0
6202,2
13123,1
27359,1
40758,2
2827,0
2985,1
7562,1
20571,1
21231,1
39853,0
2164,0
12199,0
22450,0
8786,1
5196,2
36281,2
29438,0
9411,0
23815,0
762,1
18815,1
35348,1
38153,2
38515,1
44433,0
28050,2
16970,0
31126,2
23205,0
16900,2
46906,0
14117,0
30446,2
44284,0
44000,1
13862,2
6291,2
5389,2
43400,0
33157,0
23682,0
11840,0
26382,0
40226,0
20971,1
4014,0
27467,0
423,2
32614,1
17557,0
29272,0
14631,0
13935,0
1532,1
2816,2
24603,0
28952,1
45996,2
4359,2
24731,0
22696,1
21052,1
33915,0
26893,0
47248,1
44243,1
45903,1
41865,2
22279,1
19927,1
6469,0
17982,2
44892,2
16097,1
38039,1
7371,1
13369,2
8822,2
28640,1
27577,1
48099,2
12066,2
2546,2
36706,2
45306,0
11235,0
15305,1
13425,1
9602,0
32921,2
13177,0
4575,2
28803,2
39352,2
16304,1
10905,0
4829,1
36379,0
10966,2
29944,2
47460,2
19246,2
35369,1
1882,2
46767,2
22382,0
31074,1
31046,1
3229,2
4487,1
5422,0
47183,2
39749,2
33679,0
16566,2
10680,0
25687,0
19591,2
5723,0
29573,2
43956,2
33183,1
45642,2
1855,0
7699,1
36897,0
34769,2
31201,2
6686,2
33758,0
45850,1
45354,0
9633,2
39325,1
10089,0
31785,1
31531,2
38629,2
37855,1
40309,0
11913,1
41705,1
32968,1
32805,1
14119,1
13383,2
25641,1
21222,2
8247,0
20656,2
8750,0
37421,2
22145,1
40553,0
10642,2
34932,1
24997,0
45749,2
35697,1
38352,0
40907,0
44294,1
31516,1
28401,2
34889,0
197,1
33209,2
47513,1
20651,0
45195,0
42184,2
8672,1
17352,0
33479,0
7076,0
45721,1
18958,0
8814,2
13660,1
31232,1
10889,2
17271,2
34259,1
35639,2
2320,0
9992,0
23305,0
36881,2
9557,1
5132,1
34448,1
34344,2
32347,2
7141,2
10541,0
15431,1
45538,0
5356,2
40799,1
38702,1
991,1
24811,2
44384,1
8381,2
38732,2
12452,1
13774,1
18176,1
3844,1
18712,0
16227,2
32600,1
34002,2
26927,0
22282,2
1664,0
23948,1
20996,1
47854,2
35122,2
12625,0
32850,2
21685,0
23021,0
17444,2
36063,1
21868,1
39294,2
4433,0
40129,0
5094,0
29559,1
18785,2
18801,2
3519,0
1760,1
37445,1
25454,2
1593,0
272,2
11333,1
8536,1
31216,0
10898,0
1636,0
17924,1
24420,1
36911,1
28032,0
28277,2
9842,0
30369,0
41414,0
3885,0
19060,1
9636,0
12693,1
29959,2
26631,0
20064,1
31433,0
2564,1
35198,0
6299,1
45344,1
43513,0
14966,2
22339,1
3642,0
37755,1
4334,1
39579,2
32213,2
36218,2
15868,1
36848,1
25426,1
28270,2
20513,2
45304,1
46824,2
717,2
33434,1
2323,0
9843,1
9632,0
24383,1
46839,1
1369,1
16360,2
43261,2
47926,0
21610,1
33508,1
19140,1
15667,2
21088,1
1493,1
37887,2
15724,2
16195,1
2977,1
40024,1
19469,1
33925,0
45667,1
3973,2
2300,0
8361,0
22287,1
11746,1
29182,1
48196,0
20178,0
15595,2
16117,1
4420,2
9982,2
22499,1
11019,2
33950,2
10047,2
47166,0
13169,0
46850,0
40990,2
23144,1
37612,2
22766,0
27284,0
7113,0
6796,1
47046,1
25383,2
2289,1
47231,1
29669,0
2408,1
29207,2
20693,2
12568,2
40321,2
30463,1
3175,0
38716,2
25375,0
27382,2
34824,1
19280,1
30397,2
39840,0
17158,1
21281,1
22572,1
14355,0
7859,0
38493,1
32893,0
44287,2
33059,2
39380,0
25153,2
34271,2
13793,1
43881,0
30102,2
16503,1
34875,1
33575,0
18795,1
11112,0
36607,0
41772,0
15628,0
48122,2
2248,2
23489,2
4711,2
36537,2
2129,0
41247,2
39529,2
37344,2
35103,0
13867,0
37524,1
1786,0
13196,0
1522,1
16393,1
4535,1
15174,0
2806,2
8102,2
28321,2
47877,0
31394,2
26811,2
1993,0
1809,1
11700,2
1960,2
22538,0
886,0
8662,0
34965,2
35865,1
18568,2
45990,1
28891,2
48473,1
4025,0
16054,0
24735,1
16748,2
1703,0
41914,2
42019,2
21385,1
14078,2
28241,0
8579,2
9347,2
28960,1
2240,0
505,1
3199,2
581,2
4367,2
38420,1
19019,0
34939,0
28502,0
37614,2
14922,1
21936,2
2920,2
42057,0
22039,1
43463,0
1575,1
44616,2
34938,1
15177,1
24567,1
25780,1
36194,2
5720,0
26245,0
754,2
10376,2
36279,2
20909,2
29904,1
41907,2
42611,0
48481,0
13195,1
46417,2
47984,1
26391,1
18139,2
20912,1
18296,1
27206,1
487,0
9733,0
37276,1
16063,0
44605,1
4591,2
8040,1
17368,2
9583,0
17941,2
6461,1
28625,0
32491,2
33745,2
18072,2
19606,2
1463,2
18647,2
2755,2
41706,1
25249,2
22217,0
30991,0
45376,1
13543,1
9444,0
20525,1
25549,1
48186,2
34822,0
35722,0
37608,0
27278,1
35030,0
22583,2
47679,2
26989,0
1766,0
31330,0
8372,0
4236,2
15796,1
36979,2
40763,2
1145,0
28574,0
26270,1
17859,1
19255,1
32518,2
42042,0
25399,2
26510,2
15414,0
35947,1
3085,0
23550,1
1859,0
21557,1
32345,0
17361,2
32899,0
38204,1
38953,1
33765,2
7143,0
22164,0
17070,0
34328,1
6279,2
35454,1
17670,1
42277,1
27572,0
36778,1
39961,0
8485,1
26241,1
40806,1
14600,1
32738,1
10478,1
40958,1
26511,2
48025,2
42667,2
29468,1
44835,1
11444,2
24314,1
16163,2
23377,2
35964,1
9685,0
21365,2
21355,2
1073,1
20982,0
2636,2
6989,2
20582,1
47099,1
39838,2
40215,2
34302,0
42809,0
20777,1
47036,2
26971,0
7,1
39432,1
46183,1
36983,2
42786,0
25048,1
34582,0
43158,1
32678,2
186,2
25872,2
4392,2
10587,0
35264,2
8886,0
386,0
24195,0
2976,2
9512,0
44631,2
34539,2
12995,1
22001,2
32230,2
20809,0
11083,2
26864,0
25200,0
37193,2
19751,2
7161,2
11379,1
20964,1
27318,1
40513,1
40898,0
11295,2
22156,0
5910,0
26679,2
39279,0
32712,1
10306,2
19008,2
44629,2
47497,0
47611,2
32009,0
45703,0
14516,0
6393,2
20367,1
42080,0
21840,1
5379,0
9184,2
38129,1
7569,2
18942,0
21709,2
46166,0
5255,1
34972,0
33152,1
5316,1
15205,2
33812,2
20555,2
20180,0
34003,1
46999,2
34910,0
29067,1
18027,1
17297,0
29117,0
14943,1
26239,0
548,0
865,1
44991,2
39661,1
17337,1
25206,0
32684,2
30853,0
720,2
5184,2
47152,1
22514,0
32816,0
14203,1
22647,2
16871,0
429,1
16499,0
45750,2
11095,0
28902,0
5462,0
8255,1
31337,2
21011,2
30339,0
42646,0
13590,0
33801,0
690,1
25993,2
44956,1
23657,2
42130,0
24514,2
21284,0
26983,2
651,2
1964,2
28158,1
759,0
4061,0
2899,0
2621,1
479,1
43579,0
13718,2
40801,0
21596,2
23019,2
9183,1
13748,1
96,2
39260,2
13562,1
26580,0
47040,1
20598,1
8850,2
31893,1
20231,2
43759,1
32467,0
45284,0
30270,1
21806,0
25216,2
24206,1
22336,2
11576,1
5530,0
4703,1
5838,1
28742,0
44727,2
19424,2
11297,0
20267,1
37517,0
3618,2
22864,0
16449,1
11663,0
28534,2
43708,2
33267,0
16189,1
21691,2
32061,2
8072,1
27988,0
24744,2
46658,0
20046,0
1946,1
46073,2
27974,1
29094,2
32447,2
28180,0
27518,1
28456,2
9178,1
1232,1
1718,1
26394,2
44691,0
21984,2
24992,2
33181,0
11315,1
27549,2
36216,1
48179,2
35664,1
31396,0
38165,1
12969,0
23066,2
47574,0
14702,0
43260,1
42808,2
22888,2
46369,2
6317,0
46363,1
4205,0
11874,0
48637,2
5244,2
47664,2
32069,2
37646,1
7196,2
1036,1
35637,1
9016,0
21439,1
27796,1
27588,2
37567,1
42998,1
22712,0
8223,0
6496,1
42111,1
39997,0
30506,1
11191,2
11590,0
48261,1
6746,1
1518,0
15208,1
27447,1
35291,1
43289,0
14104,1
15545,0
19731,0
33222,0
21516,0
43027,1
9684,1
28437,0
18202,1
23798,0
6559,0
43700,2
46704,0
19968,1
35260,2
17030,0
14220,2
32142,2
1917,1
44607,1
43428,1
11137,2
16337,2
36793,1
2707,1
10458,2
21860,1
22054,2
31556,1
45496,0
17429,1
31975,1
11412,2
12627,2
6986,1
9945,1
44576,2
23433,1
11531,0
11216,0
19923,1
8489,0
28737,2
26361,2
38587,2
187,2
30920,0
3446,1
35875,0
23833,0
17965,2
36204,0
47224,2
28016,0
3381,0
5090,0
27785,2
19988,0
40151,2
39818,1
13736,1
37200,0
16699,2
28059,2
45978,2
6048,0
39448,2
29424,0
10301,0
16294,2
5221,1
14254,1
9384,1
44628,1
23393,1
32016,1
44245,0
38583,0
42559,2
42194,2
43580,1
28333,1
43645,0
28470,1
23942,1
17260,2
10163,2
20559,2
8081,0
13081,2
26832,1
36786,2
28210,1
16404,2
11668,1
40160,2
17574,1
11947,1
6463,0
30012,0
41272,0
12646,0
45840,2
22342,0
2401,1
46176,1
1805,1
12863,0
7275,1
6309,1
1539,2
17090,2
38435,2
27926,0
18952,0
6348,1
14712,2
43715,2
40468,2
32376,0
41965,0
2257,2
3136,0
43417,2
14153,1
37292,0
16950,1
32034,1
34734,1
12157,0
26917,1
13982,1
46357,2
48057,1
4760,0
6046,0
44807,2
11718,1
37913,0
17037,0
6038,1
38323,0
44711,1
13827,0
32041,0
17816,2
17515,0
35978,2
32406,1
9651,1
12679,1
17011,1
433,0
9674,1
34312,1
18353,2
18002,2
39185,2
541,2
37591,1
1135,0
13267,1
44246,0
45070,1
40114,2
29601,1
4971,0
6276,1
7253,2
18441,0
12092,1
26521,1
30225,1
36197,0
33729,0
48543,1
32182,1
3065,0
21955,0
14568,2
37069,0
24138,1
18549,2
45963,0
43630,2
4101,1
19144,2
4589,0
26909,0
27320,1
23907,0
5891,0
46597,2
27591,1
6144,2
7544,2
8243,0
23970,2
28019,1
34917,2
19118,2
5795,1
11289,2
27231,2
40282,2
28087,1
5638,0
38917,2
14527,0
12230,0
4848,0
23091,0
33423,2
34834,2
21614,0
10393,1
5116,2
4339,0
43053,2
24654,2
20629,0
24706,0
13468,1
29923,2
48445,2
34890,2
26699,0
46791,2
32007,0
39793,1
23199,0
45485,2
19451,2
23939,2
18442,0
10957,1
19570,2
36260,1
41081,1
10130,1
11775,1
44327,0
17180,1
22803,2
21699,2
44495,1
10286,1
30967,0
27859,0
952,1
19563,0
36717,2
31732,2
19680,1
5742,1
8487,1
20515,1
42818,1
45640,1
25970,2
43006,0
30366,2
45871,1
18908,2
41407,1
24209,0
43225,2
39327,2
12032,1
9344,1
794,0
30165,2
672,1
33016,2
46371,2
33298,1
40776,1
31994,0
24121,1
7193,1
39588,0
9488,0
7595,1
45383,0
18590,0
33760,1
30791,2
45690,1
26078,1
46748,2
35109,0
27719,2
14628,1
42516,1
5434,2
599,0
18751,2
29084,0
4408,0
14331,0
27778,0
43820,2
1790,1
31680,2
13792,1
28075,0
45377,0
22866,2
28612,0
40654,0
42363,0
48466,0
40326,1
6460,2
37042,0
48651,1
46149,2
41298,0
3396,2
28529,1
3236,0
36536,0
40103,1
47856,1
5299,2
23658,0
27277,1
23329,0
40644,2
7951,0
46952,1
13287,1
17421,2
29848,1
24105,2
33735,2
23069,0
20700,2
47909,2
3088,2
35485,2
47829,0
9240,1
25224,2
25444,1
18098,1
4405,2
27921,0
42342,1
13308,0
24975,0
7204,1
16282,2
32246,0
19317,0
48547,1
18392,0
15479,0
2909,0
7606,1
31028,0
3443,2
2082,1
38796,1
12042,2
17728,1
1080,1
3116,1
7548,1
7082,2
3656,1
30725,2
36447,2
36029,2
28311,0
38717,1
45148,1
7473,2
39490,1
964,0
14352,0
1330,2
5641,1
37356,2
10138,1
28670,1
6551,2
2101,2
9194,0
23143,1
46642,0
35989,1
3557,2
31658,1
8707,1
3195,0
7883,0
38640,2
3332,2
47685,0
6308,2
8877,2
26025,1
13036,1
45691,1
29329,0
16671,2
23671,2
43197,0
17866,0
26608,2
32030,2
8160,0
18430,0
4755,1
47863,0
19934,0
48169,0
29758,2
4614,2
42997,0
37183,0
16444,0
42608,1
43877,2
45575,2
36125,1
11012,2
11250,0
26886,2
33954,0
18351,0
25976,0
14125,1
14833,1
17946,2
28217,2
15094,1
22990,2
15939,1
8513,0
26066,2
19684,2
16445,1
40766,2
40760,2
14229,0
16580,1
33093,2
15344,1
22671,0
14175,1
833,0
34306,0
47533,0
15742,0
43648,2
3141,2
12488,2
41783,0
24432,0
46262,1
7928,2
26980,0
44083,0
47084,2
36751,2
33939,1
23849,0
1506,1
33375,1
44789,0
3305,0
9607,1
17257,2
2704,1
42011,2
45469,1
21322,2
37310,0
39389,0
26498,1
24311,2
37155,2
40856,0
25903,0
10032,1
3968,1
7703,2
34555,0
8810,1
35711,2
5721,2
43806,2
39086,1
30291,2
20970,0
9475,1
26128,0
30260,1
37008,2
21114,1
26447,0
24623,1
30441,0
7229,2
25227,2
20536,2
1361,0
1237,2
26088,1
47778,1
38643,1
12717,0
44788,1
16055,1
11464,0
45569,0
29228,0
39895,0
23464,1
33835,1
24006,1
2829,0
14678,0
16120,2
37324,2
47482,0
1827,1
16212,2
9221,0
25515,1
10184,0
35367,1
27506,2
3515,2
46066,2
1949,1
16141,2
17105,2
617,2
45982,0
45373,2
21267,1
25739,0
44931,0
28411,1
19729,0
42356,0
20994,2
28533,2
44007,0
24017,1
48151,2
37022,2
3598,1
43341,2
47472,0
24644,0
46719,1
8995,0
14686,0
40966,2
9234,0
46116,1
989,1
46341,1
17283,1
35334,1
31336,2
36972,1
32250,2
945,1
36545,2
42541,2
44481,2
15917,1
23284,0
45126,0
47061,0
12140,2
3099,1
24116,0
27163,1
44654,2
3774,0
38000,1
23344,0
28677,1
16305,1
1334,0
35206,0
900,0
13717,2
5235,1
6674,0
9470,0
19046,0
27353,1
31139,1
18372,1
11719,2
37531,2
22916,1
17685,0
38003,1
34125,2
48576,1
45245,1
17564,2
10194,0
16374,0
31682,1
11669,0
3945,1
32000,1
11046,2
47526,2
3730,1
39170,0
39666,2
39948,1
19171,0
41300,1
15147,0
4229,2
27450,0
18144,2
18125,2
43008,2
45552,1
1202,1
3727,1
7042,2
12174,0
3514,2
9198,2
11578,2
23857,0
15649,0
7767,0
5529,1
6682,1
47637,1
48438,0
17021,0
38927,2
5144,1
43558,1
3576,0
32981,1
43894,1
29741,0
8769,2
48584,1
21112,2
41549,0
38779,0
2703,2
37791,2
27238,1
28923,2
44830,1
28753,1
42175,2
6919,1
33268,0
3096,0
36200,0
24110,1
47920,1
1617,1
46155,2
38054,2
17108,2
32847,0
19499,1
30992,2
3840,0
16782,2
10486,0
44556,2
42487,0
2050,2
44916,1
11301,0
41595,0
8551,1
993,1
37851,0
43401,2
32114,1
11980,1
30619,2
35080,2
20581,1
29606,1
26688,1
16342,2
28106,1
11610,2
11044,0
8869,1
44665,0
18280,2
38203,0
41545,0
24892,2
11767,1
29833,0
16792,2
26568,1
33270,2
21947,2
34214,2
5179,1
27487,1
13573,2
3418,2
4828,1
15651,1
24675,0
45470,0
42983,1
46402,0
43404,1
31089,0
7720,1
36850,0
8375,2
18934,1
18464,2
31865,1
41045,1
33023,2
35860,1
27698,2
9007,2
43215,2
23266,1
25880,0
2617,1
35650,0
17398,1
35911,2
13713,1
19328,2
15128,2
31219,2
26454,0
5202,1
24476,0
40847,2
38199,2
37917,0
31030,2
38518,1
36395,0
20447,2
34445,2
9069,0
36762,0
13742,2
28196,2
12997,0
4445,1
27060,0
41913,1
619,0
29308,1
47443,2
2735,1
19192,0
7462,0
48548,0
34366,2
650,2
14218,0
39264,2
7911,1
28200,2
38511,1
29940,1
34071,1
20420,2
24479,1
21748,1
35337,1
47640,2
7107,0
18909,1
16628,0
14506,2
44445,2
48048,0
2031,1
41566,1
8912,1
26264,1
9296,2
6166,1
27280,1
38787,2
13134,1
39612,0
40723,1
15395,1
31888,2
1147,2
45424,0
6194,0
41220,1
27006,2
39200,1
9928,0
33933,2
3215,1
22691,1
35137,1
26353,2
40593,0
34357,2
23177,2
34293,2
41095,0
20411,1
22260,0
35013,0
16052,1
38825,1
12171,2
47838,0
10504,1
37053,2
4023,2
42193,1
38899,0
28616,2
45320,2
25123,0
1274,0
37007,0
46206,0
44200,2
5871,2
12909,0
39347,1
1815,0
37147,0
10570,1
35480,0
33907,0
41153,0
6123,0
15622,1
15322,0
16335,2
3275,1
32165,2
47398,2
41385,2
47433,0
7812,1
9410,1
15831,0
17448,2
22797,1
42382,1
38558,0
37019,0
46539,0
14462,0
19173,2
23589,2
6878,0
37924,1
29101,2
18023,0
48006,1
19384,1
40229,0
30788,1
20906,0
22810,0
24024,2
48469,2
28089,1
30500,0
44962,1
4300,1
9936,1
28225,0
15822,1
45852,1
15064,1
33842,2
2404,1
33302,2
47383,2
33784,1
13198,0
11492,1
26364,1
3244,2
3715,1
18205,1
37015,1
44305,2
42267,0
16405,1
24944,1
5948,2
43321,0
13165,2
1818,0
4366,0
14780,1
37194,2
12372,2
40153,0
32881,1
22705,0
27342,0
34879,0
4910,1
8296,1
1376,1
37816,1
6933,2
48349,0
41061,2
16293,0
38977,0
14674,2
30842,0
47057,0
15014,1
23005,0
30110,2
41197,2
37483,2
46517,1
44426,1
31368,0
5589,2
15365,2
47999,0
5345,2
21443,1
44419,1
3888,1
17316,2
28953,2
7921,0
27689,1
38137,1
40959,0
437,1
44493,1
47187,2
3190,2
43961,2
5978,0
32313,1
23573,0
44318,1
18010,0
15027,2
25178,1
19832,0
7435,2
18118,2
30946,1
455,2
35551,2
26275,0
37309,0
33534,1
13874,0
39386,2
42817,0
30661,1
32682,0
29630,1
41561,2
38015,1
4176,1
43407,2
42285,2
9225,1
28288,2
45127,1
46095,0
48275,0
9979,0
35759,0
40652,1
10245,2
35999,0
1829,1
27112,0
24489,0
48367,2
34437,2
33274,2
21607,1
3832,1
16158,2
2830,1
7296,0
48203,2
35153,0
11375,1
4313,0
38951,1
14582,2
7854,2
32387,1
35549,2
20387,1
29555,0
14783,0
5883,2
33694,0
19576,0
25434,1
41037,2
2895,0
540,0
30210,0
13584,1
36214,1
18648,2
25318,2
40258,1
31951,0
11699,1
1448,2
44393,0
2683,0
17828,0
40053,2
32151,0
46244,1
46374,1
30488,2
24918,2
9758,0
38222,0
26883,1
21198,2
13431,2
19068,2
44277,1
16595,2
31472,0
41620,1
3955,0
20436,2
16027,1
16691,2
17566,0
44053,1
35399,2
35580,2
30581,2
47217,1
38954,0
22979,1
9873,0
19159,1
32579,0
4792,2
37331,1
11737,0
35904,0
47786,2
31022,1
43949,2
36362,0
26165,0
3540,1
481,1
7560,1
9740,1
21924,0
19268,2
3920,0
31749,0
22429,0
20444,2
14882,0
6620,1
26801,0
18505,1
47827,2
44298,2
32423,0
9745,0
42034,0
47789,2
13992,0
1824,2
1912,2
10098,1
8217,0
44161,2
39886,2
34912,2
38287,0
2095,0
44831,2
28526,1
17069,2
27960,0
25211,1
34908,0
48108,1
39146,0
9944,2
21295,0
648,1
24914,2
1426,2
38439,2
5612,2
13076,1
3040,1
11167,2
10451,0
44073,1
35778,1
23413,0
34955,0
42599,2
17582,2
39649,0
26023,2
35365,1
20708,0
502,2
17394,2
11153,1
15912,0
44686,2
27267,2
27457,1
19201,1
11730,2
4136,2
47280,0
40162,1
7188,0
3709,0
21765,0
14239,0
2324,2
31923,2
41926,1
31380,2
47616,1
24128,1
42568,2
46695,0
34779,2
44555,1
3404,1
14244,0
9553,1
45885,0
37066,1
21908,1
36666,1
40748,0
36155,0
6409,0
30933,0
38263,1
23607,2
25303,2
22605,0
13161,0
19021,1
18214,2
1383,0
42631,2
32037,0
33870,2
32494,0
17354,2
32352,0
31674,2
22608,2
48452,0
39600,2
28519,0
41284,2
37817,1
11388,0
43240,2
40388,0
26638,1
32962,1
4785,1
31834,1
12030,0
35595,1
3522,2
16277,2
41546,2
34772,1
15884,0
47636,2
14447,2
31840,1
25951,0
26970,2
22535,0
20011,2
43750,2
37044,2
3206,2
44680,1
23904,2
33320,1
22894,1
14404,0
34219,0
47934,1
18536,0
48397,1
18941,0
46413,0
39410,1
34463,0
39999,0
37776,2
17846,0
47584,0
10773,0
644,2
1596,2
41066,0
31,1
10812,1
30743,0
12812,0
33169,2
5318,1
16916,2
32211,2
36505,2
13712,1
6543,2
44400,1
29600,1
47832,2
3021,0
17710,0
15508,1
36027,0
42448,0
21126,0
38073,1
13072,0
44464,1
25357,1
37440,1
11142,2
6075,0
32259,0
14770,1
41255,1
18169,1
4864,1
25270,2
37384,0
6209,2
4470,0
42202,2
3562,0
27081,2
22383,1
37631,0
7399,2
17422,1
14865,1
36105,1
11777,0
6148,2
31183,1
18724,1
38188,0
10879,2
14219,0
24646,0
47511,2
2978,0
24488,2
1366,1
5643,1
33850,1
21778,2
11254,2
47396,0
19365,2
10908,0
45097,0
16613,1
8746,1
22631,0
25751,2
31738,2
10352,0
5885,0
14718,0
42943,2
41485,1
4010,0
8288,1
21949,0
31725,1
14625,1
3684,0
6368,1
20955,0
26664,1
36048,2
36118,1
24681,2
654,0
45163,1
34381,0
47215,1
15172,0
13574,1
24252,1
25714,2
37232,1
6384,0
34439,0
31810,0
21479,2
18939,2
41979,1
20705,1
39553,2
13106,1
16389,1
36008,0
14217,1
6511,0
46190,2
47212,1
15341,0
42591,0
46741,0
47795,0
22857,2
21953,0
22597,1
27251,2
43133,1
17312,0
7693,0
36452,1
20778,1
15068,2
46131,1
23532,2
43044,1
13995,2
39126,1
697,1
39517,2
46012,2
35966,0
34860,2
1295,1
16259,0
13409,2
36080,1
44408,2
13580,0
42256,1
36950,0
20369,2
14281,0
11242,1
33207,1
47155,0
6540,0
29092,1
2784,2
34578,1
29048,0
15906,0
8436,2
48446,1
39366,2
6739,1
11871,1
29001,0
44859,0
31916,1
5322,2
2661,2
39891,0
45028,0
47243,0
24152,1
34944,0
8956,1
3910,2
26659,0
27513,2
38758,1
3020,1
10325,0
10925,0
150,2
44929,0
21594,2
10550,1
7748,0
35414,1
9388,1
20240,2
17315,0
26641,0
18510,1
48668,1
17092,2
12573,2
41394,1
7594,0
29162,1
38656,0
42722,2
44725,2
23677,1
1554,0
16196,0
32045,1
37558,0
26776,0
4156,2
13147,1
9032,0
43331,0
19918,0
24938,1
36623,0
25615,0
39812,2
13481,0
7128,0
26208,0
43694,1
24953,0
41218,2
26441,1
40512,2
20780,0
29446,1
748,1
14280,2
41416,2
39263,1
4463,2
27147,2
39928,1
44274,2
11642,2
30323,2
8308,0
33330,2
41758,0
4661,2
40148,2
11985,2
2494,0
42092,0
6253,0
13751,0
4249,2
47374,2
13056,0
21507,1
2588,0
23090,1
2856,2
6652,0
47500,2
27128,2
8801,2
39787,0
6570,2
36316,2
26618,1
2470,2
47146,0
4146,2
36904,0
35683,1
14667,0
9716,1
44120,2
4827,1
14637,2
37853,2
40283,1
13171,0
47845,0
45404,2
44763,0
11296,0
22380,0
21651,1
1110,2
9714,2
47645,0
8997,1
5067,2
13703,2
168,0
15857,2
21533,0
35087,0
4841,0
37126,0
42015,2
44647,0
32160,1
8866,0
23301,1
17580,0
43771,1
40835,2
19662,2
38499,0
30714,2
34547,0
17333,0
33557,0
24929,0
20314,2
47251,2
36353,0
34689,2
22688,2
21926,2
28134,1
11336,0
5363,1
45983,1
47618,0
20579,2
5474,2
552,1
33044,1
24803,1
774,1
22369,1
29972,0
24945,0
18367,0
47871,2
16386,1
113,0
13994,0
13991,0
41320,2
20684,0
4024,1
29047,0
12383,1
29813,0
9750,0
19353,1
11955,0
19819,1
20829,1
44698,2
436,2
2426,0
47154,0
34565,2
13721,0
34608,0
44361,1
35444,0
37890,0
2570,1
24986,0
19885,1
38937,2
43372,1
29041,2
28306,2
18517,2
31304,2
46633,1
36071,2
47476,0
47459,0
23315,2
47351,1
48252,2
10067,1
45143,1
18356,2
1954,0
9403,0
1048,0
20957,1
45213,0
33948,0
39616,1
45887,2
30496,0
41431,0
12582,1
6639,2
21017,2
43359,0
44759,2
17964,1
11212,2
43515,1
9988,0
37589,0
33311,0
29714,1
25643,0
20587,1
48308,2
46939,0
43067,1
46343,1
30470,0
25557,2
46666,2
46284,1
22559,1
25586,0
18788,2
9663,2
14132,0
42139,1
45030,0
28028,2
10965,1
24384,0
32290,2
36656,2
6779,1
15900,1
6083,0
10129,0
2025,2
16829,1
40661,1
32107,2
35651,2
25108,1
44196,1
4057,2
20509,0
30755,2
17603,2
802,2
29435,2
12930,1
10595,0
40877,1
7850,2
47109,1
46661,2
25446,0
39868,0
10085,2
2906,1
22236,1
43439,2
12660,0
34242,0
43695,2
17652,2
37342,2
26701,2
3601,0
14030,2
35179,2
24923,2
41444,0
6031,1
15407,0
31079,2
29681,0
15812,2
2376,2
18391,0
1683,0
40607,0
12403,0
26093,0
333,0
15991,2
11994,1
17395,1
17749,0
16987,1
27387,0
46983,1
43817,1
27877,1
43802,1
8189,1
10691,0
12666,1
13820,2
16780,2
20467,2
43447,2
33636,2
23793,1
41997,0
45676,0
17950,1
14436,0
16214,2
36775,0
2772,1
1902,2
43872,2
7806,1
47150,0
12151,1
36021,2
32951,0
15789,0
7428,2
6536,0
25147,0
17622,0
14638,0
31532,2
32035,1
47708,2
8644,2
28512,0
46991,2
11148,1
21175,1
11077,2
31137,2
5118,0
1836,1
48586,2
30286,2
26848,0
40271,2
47704,1
38043,0
7134,0
6985,1
16082,0
28097,1
22292,0
35535,0
225,0
5071,1
11252,2
47997,0
42811,0
31069,2
25339,2
35305,2
35248,2
7132,0
29733,0
40534,0
22028,2
39676,2
5690,0
5435,2
12662,2
9346,2
28984,1
42391,1
17890,1
13453,2
34669,1
11196,0
18971,2
14195,1
8774,1
36445,2
48187,0
22463,0
22570,1
26175,1
36654,0
44595,1
45436,2
21335,1
6294,2
15998,2
24771,0
16420,0
22645,1
40552,1
26794,1
7028,2
22377,2
15266,2
23685,2
26442,1
42041,2
639,0
13476,2
39221,0
40112,1
48389,1
35113,1
16199,1
32599,2
42642,2
42091,2
42384,1
41578,1
24303,0
40447,1
977,2
39231,0
3518,1
22601,1
34182,2
29640,0
41664,2
5262,0
1984,1
1011,0
2458,2
25192,0
30481,0
28235,1
9215,0
21290,2
23875,1
39285,1
21271,1
15424,2
21180,2
31936,2
40813,0
5117,1
46147,2
17194,2
46034,2
14370,1
30536,0
13768,1
12036,0
25258,2
17750,1
21520,0
26582,0
37478,2
29780,2
39090,0
10955,0
2505,0
46069,0
21888,2
40278,0
40124,2
26715,2
24765,2
21032,0
35336,0
33531,2
5967,2
31901,2
20179,2
46804,1
29795,2
7564,2
21661,0
31968,2
493,1
1723,2
875,0
6829,2
25325,2
6454,0
21395,0
3115,0
26349,0
23449,1
23509,0
25981,2
43794,2
12587,1
5449,0
14872,0
31366,1
23531,1
10174,2
20389,1
46735,1
42925,1
29476,2
20113,1
39949,0
41525,0
29815,2
38972,2
39520,1
39290,2
24246,2
19091,1
12880,0
39220,1
34020,1
4268,0
31815,1
9433,2
7736,2
29075,0
40999,1
45568,0
22832,2
11441,1
17804,2
5556,1
19524,2
5292,0
44434,2
26448,1
10159,2
12588,1
27966,1
44897,2
8777,0
11623,0
30320,1
33425,1
20142,0
21414,1
37204,1
2040,0
5840,2
25398,2
16909,0
9639,1
4056,1
18799,0
44587,1
4718,1
11211,1
6982,0
30122,2
4203,0
48550,0
26579,0
28698,1
18359,1
32059,2
5340,1
5812,2
43866,2
4673,2
35588,0
28630,1
46963,1
23075,2
23578,1
27329,1
48653,2
16364,0
25120,1
39029,1
1787,0
6556,1
22665,2
2530,0
5846,0
35800,2
6058,1
41279,1
38436,0
16554,0
14252,2
34558,1
14762,1
35078,0
9169,0
13434,0
11204,2
36680,1
16298,2
23767,0
38567,1
11124,1
21509,0
12407,0
33660,0
17587,2
1738,2
36256,2
34132,0
39243,0
35247,1
5418,0
19252,1
19903,0
39159,1
37663,1
16520,0
32989,0
33376,0
14929,1
8012,1
5639,0
25015,2
25092,1
38800,0
37907,0
30412,0
27571,1
7438,2
18666,0
2739,0
20691,0
18352,1
2188,1
47167,0
18528,1
16849,0
1892,1
15319,0
29178,2
19434,1
3373,0
46889,1
47014,0
42425,1
45461,0
38404,0
28749,1
48224,1
39543,0
8969,1
1938,0
42383,0
32257,2
33462,1
33122,0
32268,0
37878,0
30006,1
25670,0
46837,0
4255,1
4230,1
21145,0
47638,1
27429,2
26324,2
1103,2
15084,1
32845,0
830,2
5749,0
30173,2
45067,1
41656,1
9288,0
45138,1
29060,2
8045,1
32306,1
12924,1
14714,0
5689,2
26224,0
24628,0
19693,0
39199,0
24023,1
23972,1
47110,0
19483,0
37447,1
5250,1
19578,1
5508,2
23751,1
1174,0
42182,0
34763,0
29263,1
39416,1
29704,0
31505,2
17798,2
38289,2
6975,1
40585,0
9715,2
33648,1
3471,0
4128,1
3559,0
30319,0
15885,1
3364,0
43496,0
43871,2
45679,2
18074,1
41395,1
4567,1
3924,0
48277,0
44104,2
39183,2
8398,2
34492,2
26555,2
41677,0
16109,2
27319,2
13696,0
19405,2
8622,0
34655,1
43038,2
21522,1
7378,1
14777,2
19338,2
29420,2
44185,2
22889,2
45494,0
25617,1
38687,0
43478,0
36573,2
3032,0
27191,2
621,1
37395,1
18776,0
30515,0
32417,0
35754,2
16532,1
42325,1
29967,2
32740,1
1370,1
31214,1
35909,0
47865,0
10913,1
18974,1
8003,2
39894,1
44304,0
15122,0
47623,0
4836,1
34515,1
5341,2
19304,0
45011,2
48175,1
12104,2
7069,0
41363,0
34686,1
29807,0
25799,2
32366,0
861,2
41318,1
45756,1
29362,2
5408,1
44461,0
147,0
25461,0
7411,1
9274,0
13237,0
48372,0
36003,1
34506,2
2281,1
1315,2
2731,2
46500,2
27127,1
16429,0
3169,1
38828,0
22118,2
6131,0
30082,0
32934,1
22338,2
12128,2
10815,2
22078,0
30003,0
16228,1
16366,2
47660,2
41202,0
16756,1
45597,1
43237,1
42805,1
46894,0
24222,0
374,2
38140,1
31761,1
37771,0
15624,0
145,1
37186,2
43737,0
20280,2
25331,1
4947,2
30987,0
40459,2
44117,2
22532,1
19971,2
44029,0
39168,2
831,1
33779,0
9887,1
25560,2
42500,0
1188,1
37696,1
28007,0
1937,1
39843,0
22813,0
13228,1
37604,0
14520,0
9107,0
22801,0
36435,1
17246,1
44957,0
1415,1
15470,2
45501,2
17589,2
23656,2
1072,1
36081,2
9084,1
24013,1
12937,2
17578,1
26021,2
13180,2
28108,1
6377,2
5273,0
36087,1
35724,0
7664,2
43270,1
36517,1
47105,0
35618,1
10548,2
11931,2
36962,1
34657,2
36143,2
38225,1
17043,0
45206,2
12741,1
43198,0
44721,2
30015,1
8903,1
36648,2
43307,1
11979,0
46151,1
29734,2
32621,2
17353,0
33795,2
15945,0
18152,0
47013,0
28994,2
11778,2
24902,1
38433,1
45907,0
25854,1
41746,2
40412,2
44549,2
32604,2
30571,2
23145,0
27863,2
3506,2
29064,2
10398,2
19362,2
14708,2
28849,1
39393,1
8480,1
37497,1
30026,0
2650,2
45220,2
35210,0
38046,0
28377,2
28229,1
32300,1
17550,2
33744,1
8062,2
35678,1
13620,1
17240,0
26876,0
27283,1
24559,2
23870,0
3975,2
40139,1
24881,2
39888,0
23457,0
41974,1
33421,0
16729,1
16939,0
21256,1
32817,2
17761,2
9788,1
40985,1
17147,2
39005,0
5310,0
4195,0
31195,2
38358,2
31511,2
4158,2
2616,2
28490,2
37718,2
1184,2
36853,1
29345,2
34666,0
41481,0
48318,2
10485,1
26291,0
13130,0
22492,0
31485,2
12130,1
5761,1
42214,1
4810,2
31308,2
46743,0
9101,1
28712,1
7363,2
3051,1
35419,0
46334,1
12182,2
36871,0
24746,2
6219,0
3298,0
7282,0
6584,1
44176,2
14429,2
33916,0
32810,2
42553,0
44501,2
29865,0
24712,0
18172,2
31939,2
23009,2
43065,2
48392,0
32064,0
20802,1
35962,0
14956,2
41078,2
12766,2
41311,1
23542,1
40719,0
239,1
30190,2
1842,0
39790,0
30884,1
37676,0
27306,0
14741,1
29160,0
32744,0
1931,1
39824,0
22321,0
32993,2
10825,0
20501,1
14079,0
25654,1
45274,0
22965,0
3523,1
4594,0
21824,0
22967,1
15149,1
17270,1
18165,1
35594,0
33681,0
38244,0
8380,0
21775,0
27672,0
30580,2
1965,0
35920,0
45692,1
40116,0
29891,2
38636,0
25979,2
5907,2
19787,2
10064,0
21468,1
42189,0
5724,0
3362,1
43106,0
17755,1
23254,0
17381,1
30899,0
20096,1
13848,0
37363,0
42157,0
3180,2
18775,0
35553,0
6241,0
2200,2
34877,2
13878,2
33772,1
6719,1
18657,0
42024,1
31896,0
11609,1
30130,2
6413,0
9874,0
46088,0
47697,0
32722,2
28264,0
46214,0
42494,1
14428,0
48595,0
3795,2
38810,1
4869,1
35873,1
44465,0
43047,1
30810,2
32882,2
32027,2
23792,0
8005,2
26507,1
14590,0
26312,0
42968,2
44565,2
42619,1
26700,2
26048,2
24711,2
40268,0
36149,0
20090,0
16894,2
30510,2
7888,2
39647,1
37858,0
20723,1
40220,2
15785,0
4467,1
20228,2
23568,2
1961,2
35144,2
22354,1
8992,0
32242,0
15654,0
41896,1
35788,0
14763,1
25295,1
30183,2
44528,1
519,0
42224,1
23917,0
43537,0
44216,0
6193,2
6313,1
527,2
23937,0
41716,2
37660,1
8661,1
36313,1
24468,2
20406,1
19234,2
47566,2
15866,0
42663,2
4027,1
12320,2
18697,1
17807,1
12089,1
29022,1
42987,1
29052,2
10242,1
10758,2
4481,1
40233,1
11675,1
1656,1
1785,1
23552,1
2965,1
40448,0
9493,0
15034,2
26852,1
3862,1
28765,1
46536,0
4774,1
30257,2
41669,0
10529,1
21432,1
6567,1
6647,2
23436,0
20678,2
1284,2
28804,1
31117,1
47115,0
20308,0
14179,1
37107,1
5557,0
32356,2
10862,1
8500,1
37493,0
39407,1
24528,0
24487,0
43454,0
33897,0
17874,2
17362,2
16418,2
47353,1
18628,1
24456,1
35688,0
20688,1
11138,0
35270,2
18841,0
26871,1
14115,1
40208,0
39468,2
5852,2
12572,2
36626,0
21422,0
36317,0
41259,0
38963,0
47916,0
15974,1
28136,1
42013,2
12072,1
29102,2
12057,1
368,1
30814,1
19067,0
11937,1
24977,0
43025,2
37391,2
19147,1
24723,0
45491,2
4949,1
1289,2
42446,2
45972,0
27765,2
20329,2
4479,1
16313,1
31774,0
20260,1
36892,1
16102,0
11225,1
6956,2
29361,1
40800,1
6608,0
16113,2
1002,2
26530,1
31401,2
28761,1
10389,0
31943,0
11773,0
1851,1
2479,0
35409,1
39241,1
5659,2
2486,2
39593,0
39573,2
25956,1
36990,1
14786,0
14875,2
24247,0
26897,2
41354,0
5055,2
38101,2
26295,1
13865,2
43324,0
37846,1
34767,2
12513,0
3796,2
17971,2
5027,2
10762,0
8090,0
31821,2
45439,1
47371,2
23221,2
48386,0
40546,0
43200,0
42638,1
42649,0
19670,1
18201,2
40322,2
3176,2
5843,2
5436,1
21261,2
1317,2
32642,0
37973,0
9027,2
22936,0
16828,0
14916,0
26015,1
9527,0
8262,1
13950,0
16101,1
35110,0
19332,2
494,2
16133,1
43323,1
33936,1
32743,2
2283,2
43680,1
8155,2
38271,2
6006,0
22667,0
2181,0
37990,1
2809,0
15748,0
35342,0
23312,0
24365,2
24122,0
37852,2
27845,1
7198,0
11011,2
21474,1
470,0
14921,1
41946,1
6404,2
2075,2
40527,2
39967,1
5472,2
11867,1
42004,0
6789,1
20785,0
10757,1
2749,1
15512,2
9441,1
15134,2
26214,0
9692,1
18755,2
31887,0
27134,0
38565,2
38557,1
37320,0
8771,2
3729,1
13507,0
5344,2
23142,1
18334,2
30652,2
21630,1
46445,0
11569,2
37029,0
32379,1
12412,0
26358,1
21272,1
2308,0
32193,1
41796,2
4488,1
44222,1
2276,2
1039,1
2859,2
18394,2
40007,2
46418,2
10365,2
27941,0
32017,1
27715,2
10759,0
10446,0
16321,1
27297,1
19108,2
2672,1
10859,0
26481,0
42007,2
47007,1
23827,2
34175,0
13807,1
37354,1
34181,0
37219,0
32434,0
41576,0
21995,0
40793,2
15493,2
21270,1
6032,1
47058,1
31305,2
8855,2
32118,1
44963,1
44893,0
25986,1
36570,2
40066,1
7873,0
17418,1
23282,0
43204,2
4588,1
41933,1
39996,1
7745,1
34085,1
46669,1
12742,1
1543,0
42458,0
42056,1
10602,1
35466,2
35496,1
32319,0
23734,1
30344,1
4509,1
15440,2
4546,0
24343,2
2192,0
3933,1
42507,2
40179,1
17286,0
23824,2
37127,2
14199,1
42770,2
19581,0
6563,0
47103,2
688,2
36446,1
36797,0
39227,2
8384,0
10781,1
8393,1
47319,1
28832,1
36940,1
15223,2
18932,2
9935,0
4888,2
42990,1
47124,1
7641,0
40037,1
40384,0
42048,0
21394,0
37100,2
38903,1
21225,2
14143,2
27637,1
22157,1
13160,0
2263,1
10303,1
28787,1
28722,0
2709,2
2750,1
17640,2
44925,0
12341,2
7315,2
20601,2
35907,1
12267,0
2951,0
528,2
10210,1
32354,1
21784,2
17556,2
25619,1
27249,2
13672,1
21448,1
25614,1
13656,0
9303,2
34631,0
27663,2
7713,0
39439,1
32425,2
44976,2
6538,2
17371,1
36078,2
3984,2
23695,2
18955,1
12876,1
36411,2
6197,2
39763,1
3911,0
23114,0
41077,0
19937,2
26549,0
32152,1
12413,0
8411,0
7844,2
35769,1
17465,1
15548,1
26183,0
35653,1
19393,2
41829,0
26610,1
25809,0
16809,1
11843,0
20463,1
21660,2
13118,1
353,1
4465,2
36758,0
28195,1
14482,0
18969,0
27116,1
12858,0
2468,0
38901,2
19176,1
36768,2
533,1
5158,0
29441,1
29897,1
16571,2
43534,2
37150,1
27655,1
15125,1
47720,1
37819,0
17775,2
3315,1
35968,2
16642,2
47852,2
7233,0
42327,2
44227,1
3979,2
4217,1
21249,1
23495,0
39657,1
41538,0
5392,1
15328,2
44994,2
12996,0
10575,1
42508,1
41636,2
46905,2
5993,2
36549,0
41805,1
36815,0
23594,1
44223,2
20,1
28448,2
26094,0
6405,2
15952,0
18998,1
16533,2
31256,2
36953,0
17081,0
45006,2
26109,2
21007,2
39970,0
27388,0
4363,2
1246,2
5446,1
45657,2
36473,0
3061,1
8041,0
21583,0
40952,0
15447,2
10736,1
45477,1
6333,1
24846,2
33864,1
21502,0
38332,0
9737,1
14657,2
29068,1
37533,2
31914,2
19461,2
36185,1
11398,1
8542,1
18565,2
28160,0
47156,1
45671,0
3604,0
4839,1
26156,1
46115,2
28353,1
9159,2
34338,1
34342,1
42133,2
16552,1
47540,0
35787,2
25184,1
15759,0
48553,0
41429,2
31825,2
36174,2
26005,1
37688,1
47752,1
35783,0
46686,0
46127,1
26456,2
12343,0
29366,1
41015,2
36437,0
14238,1
43142,0
35630,2
39024,2
3641,2
25832,1
46175,0
10225,1
24632,2
36456,1
4524,1
39539,0
41165,0
46688,1
3803,0
799,2
8990,1
42798,1
23886,2
16793,2
11596,2
7737,1
36746,0
15732,2
22524,1
9538,1
22593,0
28642,1
4207,0
15230,0
41163,1
22460,2
33086,2
34376,0
35442,2
24586,2
5317,2
13166,1
35449,2
14024,0
3816,2
24946,2
20236,2
2627,0
25651,1
33062,2
12871,1
16714,2
44558,2
45567,1
7868,2
3367,0
1005,2
1377,2
43878,0
22420,2
17184,0
35731,2
21897,1
607,1
22345,2
20522,2
42690,0
34562,0
43312,1
46489,1
36371,2
19807,0
38093,0
23050,0
6942,1
38307,1
21623,1
46911,2
33791,0
1211,0
36968,1
28453,1
45246,1
31105,1
12448,2
21400,2
39685,2
39359,0
32917,2
28623,2
40040,2
17304,2
22016,2
31087,2
9770,0
8130,2
29388,1
5963,0
47133,0
43574,1
47834,1
27400,1
31075,2
13202,2
32040,0
34590,0
1958,1
39414,0
10327,2
11192,1
21901,1
12498,1
31490,0
21119,1
47421,2
30975,1
15899,2
24834,1
28706,0
41622,1
19257,2
47089,2
46082,0
25347,1
19786,1
44744,1
14261,1
30302,1
4912,0
28886,1
27839,2
8279,1
31484,0
45738,0
3148,1
17886,2
20227,2
43644,2
4064,2
6654,0
32766,2
26124,0
45700,1
22452,1
537,0
47913,2
25829,0
10547,1
48082,0
17592,1
47471,0
41750,1
26499,1
32546,2
9231,0
19754,1
47026,0
25963,0
41856,1
8799,2
24692,1
9946,0
9526,2
31178,2
48092,2
29946,1
9414,2
48502,2
22973,1
37875,2
36280,1
20072,1
15993,2
20882,2
9575,2
11545,0
1589,1
46074,2
33132,1
45581,0
2558,2
29613,1
6577,0
14753,1
27799,1
42489,0
15429,1
6653,0
11812,2
26826,1
24248,1
17573,1
28438,1
20025,2
10229,2
40380,1
10845,0
36166,0
16048,2
8884,0
2329,2
15048,0
22186,0
43636,0
6327,0
9036,0
47333,2
30504,2
33520,1
29697,1
29954,1
41782,0
26535,1
12599,0
45433,1
21174,0
9345,0
9592,1
4220,0
38661,1
24861,1
41217,1
20156,0
33626,1
39739,1
48403,1
47347,2
38993,1
19010,2
34567,1
44410,0
24844,2
20465,1
22032,1
13579,2
23077,0
427,1
26734,0
22481,0
17181,2
9914,1
44449,1
3,0
30562,0
1107,1
7353,1
44089,0
27188,2
8875,1
32808,0
23524,1
5002,0
44613,1
42389,1
10927,0
15442,0
39022,1
31773,0
3525,0
41961,0
37486,0
38897,1
1743,0
43882,1
32578,2
41185,1
27441,0
45805,2
32807,0
42411,0
25546,2
27055,2
44345,2
218,2
17145,0
31482,1
2961,0
44580,1
12020,1
26009,1
16967,2
43556,1
45735,0
20332,2
1057,0
43677,0
18018,0
32323,0
17858,0
46789,0
11989,0
43832,0
22227,2
11633,2
7746,1
11322,0
45243,1
37979,2
19899,2
28890,0
25503,2
40667,2
27325,2
45746,1
47891,0
10923,2
15657,2
2009,0
42864,0
31349,0
29173,2
40108,2
32167,0
32367,1
19628,1
6894,2
22405,1
26891,2
38659,0
4196,2
40770,0
10998,0
27405,0
26576,2
18929,0
2700,0
19734,2
25299,2
508,0
15832,2
25131,0
40413,2
88,0
30275,0
25013,1
44572,2
22465,2
232,0
41397,1
35370,2
43608,2
26254,0
10025,0
18820,1
9193,0
7512,2
42791,0
17191,2
46588,2
2172,1
6125,1
29130,2
12038,1
40536,0
16585,2
40500,1
30146,2
4429,1
44417,1
12575,1
21593,2
45059,1
37415,1
9634,1
43022,1
7948,1
4719,0
42426,2
18803,1
36655,2
25438,1
41004,1
8311,0
16001,2
26512,1
46412,0
15839,1
2229,2
44503,2
11164,1
28911,1
18643,0
2828,2
5108,0
7789,2
46665,2
23565,2
12926,1
31589,1
2290,1
3087,1
41041,2
13986,1
1487,2
11722,1
29696,2
35246,1
21427,0
36593,0
30905,2
1888,1
40618,1
11291,2
1470,2
8365,1
10608,2
41813,2
38887,1
45240,2
340,0
39246,2
43453,1
42395,0
8926,1
8188,1
16230,1
17004,1
501,0
39449,0
42430,2
29419,2
27880,2
1097,2
34690,1
37821,2
7901,1
39627,1
2966,1
16666,0
28897,0
21762,1
37316,0
13711,2
5161,0
6184,0
45098,0
21240,1
21140,2
32630,1
34993,0
15314,1
1368,0
2209,0
39929,1
14771,1
1336,2
12733,0
36780,2
16234,1
17554,0
1498,0
9643,1
32879,2
29763,2
35542,2
30127,1
458,2
31509,0
23179,1
9083,1
29409,2
36923,2
47312,1
35840,2
11815,1
643,0
27129,1
10634,0
16550,2
8234,1
10542,2
26314,2
36165,0
28357,2
12536,0
45979,1
43514,2
19014,0
2635,0
8555,0
46623,1
7717,0
14082,2
24349,1
29718,1
30400,1
43970,0
488,1
13541,2
22284,1
21319,0
30169,2
13615,1
31168,0
38134,1
16590,1
24257,1
44767,0
20012,1
30747,0
23115,0
5080,1
17981,0
28667,1
16373,2
48558,1
11790,0
47207,1
16510,0
39,2
44803,2
55,0
29746,2
43294,0
13811,2
18336,0
44610,1
23381,0
31076,0
11639,0
30739,0
46556,1
1063,1
22359,0
1088,0
9337,1
46387,1
34628,2
39974,1
42755,2
39905,1
6023,2
43505,1
35856,1
13127,2
4989,2
9869,2
42150,2
39173,1
12416,0
2115,1
17519,0
28778,0
30804,1
19650,2
46660,2
39276,1
8684,1
43535,2
8625,0
29338,0
12079,2
23460,0
22734,0
12052,0
9077,1
15148,0
39471,0
35874,2
22670,1
15252,0
4954,2
28763,0
30166,0
13603,2
9207,1
3496,0
46653,2
17177,0
48323,2
48603,2
41690,1
8101,2
5740,2
25698,2
31826,1
27413,2
28117,0
7501,0
47599,1
7293,0
20312,2
36548,0
47348,0
43528,2
40787,2
21683,1
1350,2
700,1
2826,2
45582,2
22274,1
14766,1
32705,1
27078,1
18989,2
30682,2
40170,1
36785,2
9898,2
47238,2
18432,2
43603,1
40675,0
28784,1
24443,1
15273,1
48529,1
30024,1
19464,2
3748,2
16045,1
21163,2
13617,2
42292,1
22249,0
8557,0
22901,2
12805,1
2184,2
986,2
686,1
35037,0
19610,1
29915,0
29125,0
13261,0
26018,1
25944,1
40439,2
25406,0
47766,0
32031,0
32558,1
21274,0
23314,0
33691,0
47602,2
12031,2
29685,1
25124,1
38987,1
30509,1
29341,0
3253,0
38706,2
34086,2
23259,1
19958,2
18898,1
33601,1
28634,0
5487,1
12125,2
30051,2
44606,2
20450,1
42823,2
31437,0
11043,0
14347,2
4409,0
10755,1
4469,1
11054,2
44412,2
40892,0
28711,1
25323,0
21622,1
32244,0
3606,1
7453,0
21877,1
42586,1
13741,2
34948,1
46230,1
42978,1
42960,1
45096,1
31514,0
21769,2
44267,1
10854,1
12763,1
33163,0
4623,1
24315,0
22306,0
32492,1
21700,0
4164,1
19363,0
36535,0
43130,0
1687,1
36163,1
9599,2
35380,2
39253,0
38770,0
41608,0
48664,1
23922,1
39494,1
40472,0
36991,1
43100,2
46845,1
11076,1
40424,0
17331,0
20649,0
39548,1
11428,1
7274,1
3573,2
38018,1
13443,1
22330,2
2568,2
7585,2
7729,0
9855,0
10385,0
12275,1
41817,1
11513,2
46240,1
32209,1
8598,2
7016,2
16722,2
22968,1
13605,0
29188,0
18717,2
9202,0
4410,0
28987,0
10655,2
174,2
16473,1
11373,1
18608,0
20940,1
33673,0
47080,0
38669,1
4887,1
2990,1
28164,2
47277,1
16068,0
4063,1
25480,2
11555,0
16348,1
10532,2
27716,1
33590,0
23700,1
32932,2
44391,2
20056,0
38034,0
10468,1
21707,1
36513,0
23383,2
41327,0
44531,0
47415,2
25239,0
15659,1
40968,0
46484,0
36439,2
3532,2
37706,0
10616,1
46274,0
24249,2
45947,0
24563,2
39283,0
23931,2
36050,2
47127,2
1603,1
9408,0
8858,0
17787,1
44249,1
16434,0
31993,0
37865,2
22746,2
18651,1
18033,2
938,0
14165,2
10637,1
18709,2
11063,2
14738,0
23035,0
17032,1
392,1
26433,2
36055,0
9100,1
46853,2
40753,0
38713,0
1474,2
20815,2
17540,2
37729,0
1577,2
47410,2
33904,1
24667,1
12006,1
5193,1
27476,1
26986,0
12652,1
9162,1
13638,1
11071,0
77,0
14880,0
7316,0
46765,2
23588,2
28099,1
23245,0
41594,1
20702,2
13142,2
42287,0
8395,2
37414,1
9429,1
27813,1
9216,2
48164,0
47208,0
27133,2
9222,0
31212,1
170,0
43411,0
17205,2
34980,1
10700,2
18577,1
10840,0
43804,1
34830,2
28943,2
44018,2
35268,2
6259,0
20354,2
32067,2
34334,2
32521,0
27653,0
47480,1
43132,0
3717,0
11991,1
36104,0
24018,1
33412,1
33199,2
17743,0
13398,0
34378,1
34485,0
1006,2
22152,1
4303,2
1035,2
8407,1
13111,2
1702,2
15481,2
39703,2
2056,2
2896,0
22033,1
15994,2
2753,2
12637,1
34602,0
2091,2
26016,1
10876,2
44602,0
19043,1
31717,1
5279,2
17119,0
44041,1
47424,1
12251,2
10217,2
43812,0
11804,1
11288,1
43173,0
36864,2
26722,1
17178,0
1425,2
14311,0
39795,1
1870,1
33699,1
27093,1
31154,2
29667,2
22507,1
5405,2
20552,2
37038,2
25308,2
32293,2
37401,1
25217,0
35312,2
5033,1
6803,0
30303,0
30493,2
18056,2
36403,2
25796,2
31112,2
44309,0
7810,0
7900,0
32628,0
26063,1
43718,0
10416,0
19034,1
13733,1
39150,2
22462,2
5337,1
13342,2
44936,2
13410,2
45962,2
44746,0
5308,1
38417,0
41580,0
26516,1
4109,2
26780,0
9118,2
32880,1
42462,1
12318,1
28946,1
24386,2
40301,2
37841,1
12214,1
16323,1
42610,1
27545,2
14528,0
20243,2
21629,1
28520,0
28607,1
40592,0
3193,1
21882,2
7761,2
16674,2
16290,0
35239,2
23726,2
28349,1
34940,1
4492,2
34982,0
25839,0
10671,1
21777,0
26190,0
40694,2
6340,2
36740,2
20665,2
31242,0
42830,1
39876,0
46955,0
7111,2
1196,0
30381,1
21671,1
48606,0
15045,2
9334,1
40682,1
18848,0
25111,1
45247,2
34953,0
46615,2
18875,2
38474,0
15528,0
48105,2
14124,0
16741,2
19179,1
34239,1
5997,0
39869,0
15608,1
12633,0
14904,1
33774,0
33374,2
85,2
35933,0
41135,2
38293,2
37494,1
26797,2
27963,0
12172,1
39590,1
14161,0
45259,2
14851,0
39771,0
46466,2
33649,1
18474,0
42659,2
16786,1
33213,0
6090,2
24989,0
34197,0
42937,0
18071,1
13045,0
3939,2
45733,1
48410,1
20968,1
4115,1
30014,1
34187,0
40765,1
48319,0
22955,1
7687,0
34544,0
13421,1
33504,1
46070,1
43743,2
12225,0
26539,1
16036,1
29000,0
22298,2
26249,2
36180,0
6822,1
16847,2
32324,1
13271,1
14598,0
30392,1
27542,0
28710,0
3874,2
11146,1
39512,1
8604,2
41001,1
35771,2
3456,2
23805,1
6630,1
45989,2
36243,2
32321,2
30930,1
22554,2
6635,0
19823,2
38861,2
18190,0
20720,0
48391,0
28929,1
25166,2
8268,1
26054,2
4783,0
26053,1
11630,1
17609,1
46285,0
25851,0
33896,1
28145,0
28507,1
6793,2
27807,2
47228,0
37942,0
32914,1
22051,2
42686,0
2648,2
4516,2
15888,2
36567,1
4709,1
41866,0
25820,2
25107,0
4512,0
20715,2
12421,2
44820,2
19314,1
25152,2
4028,2
44168,1
45092,0
29349,1
29895,2
45614,0
34080,0
3354,2
3649,0
29671,2
34498,2
24146,2
25234,2
8895,0
6907,0
20488,1
17115,2
25916,0
36919,0
21752,2
12226,1
38229,1
26216,0
34673,2
15802,1
30417,1
13232,0
12361,2
1972,1
25801,1
3664,1
27846,2
19717,0
12550,0
35900,0
19620,0
36164,1
18425,2
10822,1
10223,2
34591,0
27883,2
16248,2
6358,0
13608,2
19411,0
31487,2
13598,2
33333,2
2690,2
25848,2
43412,1
47613,2
34232,2
16758,0
27665,2
48524,0
14748,1
35052,2
35436,0
6990,0
24541,0
35774,0
42969,2
43775,0
14709,1
22099,1
17903,0
45327,1
31296,1
10524,2
5861,2
43236,1
15453,0
16802,2
42343,1
23846,2
26465,0
5204,1
7828,2
14373,0
26818,1
10784,2
36651,1
47211,2
39712,0
39348,2
48541,1
23831,2
3587,2
14696,2
24511,1
24211,1
175,2
35434,0
25694,1
1475,2
15427,2
41981,0
2935,0
16972,1
32851,1
5584,1
47295,2
29538,1
22748,2
15592,1
5172,2
45478,1
13186,0
42899,2
29044,2
4380,0
18972,0
9239,1
17259,1
38262,0
37801,0
12271,1
46253,2
24095,1
4634,2
44084,1
749,2
11879,2
26603,0
35820,2
42079,2
8892,1
22436,0
46571,1
22944,1
664,1
21985,0
34076,0
33938,0
13510,1
44844,2
26693,1
29288,0
32686,2
48678,1
29512,1
22922,1
28254,2
41306,0
28109,2
20106,1
31967,1
43115,2
43686,2
14354,2
2330,0
30255,0
42021,0
39446,1
33724,1
3638,0
41864,0
31611,1
2222,2
34998,0
8842,1
9232,1
39062,2
37271,1
37983,1
38966,2
19441,1
35165,1
18943,0
14775,1
3062,2
47236,2
8334,0
18021,0
44778,2
39984,2
1510,0
32456,0
26320,0
5822,0
38581,1
3870,2
997,2
43532,1
33130,1
39479,0
11361,2
38514,2
8987,1
7611,0
9044,0
27202,0
46188,0
2189,1
35362,0
716,0
28297,1
28776,0
20893,0
26828,1
27466,1
29390,2
37957,2
29268,0
14940,2
11101,0
23376,0
4239,2
4067,1
12976,1
21611,2
43464,1
47927,0
17714,1
28425,1
39621,2
9612,1
14725,2
33522,1
5656,1
1280,2
2580,1
47132,0
34180,0
35967,1
46321,0
46134,2
3512,2
22873,0
46659,0
24542,2
4812,0
14671,0
36761,2
17488,1
42103,2
812,1
44847,1
21859,1
32146,2
30811,0
37328,1
24592,0
44758,1
30040,0
6798,1
48106,1
9531,1
36049,1
34926,0
47587,0
13989,0
24471,0
40140,0
25587,1
43610,0
13931,0
25789,2
32468,0
35799,2
35808,1
4454,2
15633,0
15043,2
33460,2
24645,2
19113,2
31740,1
26542,2
13728,2
22189,1
41789,2
31911,1
13999,1
38428,0
33863,2
25024,2
32496,2
37971,2
45853,1
33072,2
38818,2
43468,1
16403,1
15714,2
13199,2
16868,1
21692,1
16807,2
17154,2
23894,2
23176,2
19888,1
20535,2
20697,2
38631,2
19989,0
9356,1
42675,0
22210,0
16252,1
31920,2
20933,2
9652,1
36730,2
33505,1
35173,0
1230,0
26844,2
8213,0
1047,2
1910,0
43479,1
19382,0
48055,1
22503,0
35016,1
9809,2
10940,2
6065,0
13622,2
41347,0
38057,0
38374,0
39441,2
23838,1
29103,2
13294,1
6480,1
14546,0
48254,2
10096,0
40450,0
13264,0
4915,2
26050,0
40298,1
15765,0
34724,1
33161,2
19764,2
31876,0
31461,1
9940,0
16358,1
46645,2
34632,0
35092,2
35704,1
11292,1
29038,2
14648,2
12534,1
24523,2
15643,1
46685,2
434,1
17125,2
38465,0
46726,2
45181,2
4540,2
7043,1
19778,1
34762,2
9582,2
11973,2
22956,0
24916,2
45617,0
26100,0
39595,0
8921,2
3465,1
6188,2
48390,1
43499,0
1594,1
19205,0
3327,0
6914,0
556,0
37522,2
47625,1
13326,2
40594,1
21518,1
12848,0
14172,2
37986,1
18542,1
44354,2
43495,2
27869,2
43060,0
19440,2
21526,1
34216,2
16895,0
34881,2
29873,1
33776,0
43003,0
44718,2
17907,1
7724,0
13676,1
23397,2
35493,2
42185,2
20136,0
30461,0
11970,0
13295,1
24300,1
2354,0
44272,0
22592,2
32753,0
28005,2
25623,1
9852,0
30094,0
6656,0
32868,0
38554,2
22097,2
3704,0
11591,0
18949,1
4514,2
7966,1
41051,2
38606,2
477,1
253,0
21387,2
13030,2
5208,0
41093,1
13309,0
24,2
42028,0
19546,1
41406,0
47392,0
22675,2
14793,1
15938,1
1339,2
40425,0
39002,2
2911,2
42049,2
23083,1
29980,0
47465,1
14242,1
31613,0
27922,2
19643,1
28655,1
2429,0
33475,0
18428,2
30252,1
30383,1
41267,1
29463,0
10701,2
29522,2
25352,2
10253,1
5758,2
35930,0
15756,2
43213,0
45402,0
42632,0
19306,2
32119,1
39504,2
26011,1
19286,0
8482,1
17000,0
20876,2
1362,2
1583,2
7002,1
31325,0
11062,0
44701,1
41381,2
31476,2
3263,1
48314,0
23834,2
26978,2
6064,2
32020,0
23958,0
43629,0
8878,2
10855,0
39443,1
20454,0
27891,2
26123,2
308,2
1550,0
29124,2
38422,1
24419,0
17150,0
6627,1
46863,2
5410,0
31264,0
27040,0
4314,1
29809,2
7674,1
12162,0
16481,1
44198,2
8067,2
36462,1
27650,2
20603,1
30772,1
44609,1
18496,1
28451,2
42117,2
31121,2
9518,1
10581,0
7648,2
13692,0
43508,0
30312,1
19209,0
2537,0
41893,0
1093,1
41409,2
47009,2
42413,2
38145,1
30042,0
3722,1
22708,0
35552,0
1347,1
46310,0
20249,0
5887,0
19529,2
37270,1
237,0
43373,0
6234,2
28364,0
42207,2
35631,2
24225,0
41725,2
22154,1
11634,0
31734,2
6737,1
43095,0
39729,1
25141,2
23817,2
48001,0
18490,1
11419,1
10195,1
665,2
10015,1
42868,2
31041,1
34787,0
2578,1
19378,1
19273,2
25496,2
42399,0
28971,0
9885,2
3653,2
44510,0
17562,0
41080,2
37102,2
21856,0
20922,1
17772,2
25435,2
2666,1
2878,1
4099,2
16581,0
47557,1
32334,0
21802,0
24792,1
3385,1
37381,2
2647,0
30932,1
24561,1
40542,0
12900,0
43625,1
39106,1
18863,2
47355,2
10465,2
42838,1
45754,2
48005,1
36632,2
13570,1
15466,2
31166,0
11092,2
1957,2
37137,0
13693,0
21716,2
26747,1
32390,1
2510,1
28190,2
40441,0
20317,2
126,2
33178,2
24129,0
15688,0
46733,1
26658,2
37526,0
33045,1
27488,1
1049,1
12103,0
33855,2
9280,2
9920,0
13148,0
40015,1
48074,0
5601,2
33359,2
26027,2
43734,1
7185,1
35781,2
43596,2
1473,2
34994,0
42235,2
20455,0
20630,1
33200,2
28846,2
30740,0
10059,0
39955,1
3022,2
22490,2
41541,0
38939,2
27609,2
17200,1
34838,2
33643,2
40742,1
31127,2
40912,0
2398,1
3648,2
29258,0
42815,0
29129,1
30598,1
45265,1
16385,2
6249,2
16973,1
45441,1
9876,0
26101,1
25354,0
25605,2
35928,0
25266,2
45897,1
2134,1
30594,2
12503,2
18509,2
34166,0
10037,2
33172,2
35252,2
29776,1
2962,1
16846,0
530,2
25653,0
37330,0
1056,0
30665,1
33450,1
22744,1
41703,0
8475,0
7381,1
38379,0
35343,2
10577,1
23510,1
198,2
8894,1
31187,0
7332,0
869,1
9341,2
26495,2
30269,0
30789,2
8473,1
11199,2
18197,1
7327,0
10318,0
13581,1
40002,1
36789,2
21254,2
47068,0
38397,2
18454,1
3302,2
30546,1
3016,2
15351,1
31697,1
44033,2
7482,1
41377,2
4884,1
16549,1
30023,2
11857,0
48239,0
22497,1
16693,2
40584,2
7679,0
34337,2
26231,2
8702,1
20083,1
15361,2
12673,1
28370,0
31727,0
26110,1
13039,1
4412,0
44500,1
19084,2
14791,0
406,1
10430,0
23418,2
36265,0
21029,2
43710,1
4250,2
36072,1
15790,0
18032,1
23909,0
34550,1
7894,0
30830,0
19840,2
8564,1
46283,2
6718,2
22337,2
14068,0
29649,2
5797,0
11179,2
23212,2
19290,1
25172,2
450,0
2218,1
11647,2
7760,0
18134,0
6825,0
36902,0
24082,0
28002,0
7895,2
18525,0
21570,2
28819,2
29273,2
40210,2
36161,1
43933,0
7623,1
15318,2
18516,2
13639,1
25906,1
12807,1
33153,1
13279,2
8845,0
43345,2
14339,2
45975,0
22893,1
2511,2
7742,0
25607,0
43581,1
54,1
13125,1
6109,2
10683,0
13637,1
6592,2
6638,2
25626,0
25562,1
24170,0
20036,2
12989,0
37866,2
33510,0
48206,1
27753,2
11082,1
27680,1
1873,0
16853,0
33612,0
6198,2
46710,0
1207,2
22753,2
23551,1
28643,2
41711,1
7525,0
5272,2
45787,1
16565,2
48283,1
16979,1
16694,2
8222,2
42051,1
7122,0
22389,0
16651,2
8826,2
26488,1
22590,1
47723,1
23628,2
13583,0
25076,0
28466,0
15069,2
19071,0
19790,2
27552,2
46879,2
30433,2
39759,2
3011,2
30812,2
27174,1
28895,0
46586,1
